,url,名前,説明文,base,tec,taste,style,top,glass,color,度数,特徴,画像
0,https://cocktail-f.com/cocktails/1,マティーニ,ジンの辛味とドライベルモットの香りが絶妙なカクテルの王様。時代が進むにつれ辛口へと変化している。使用するお酒の種類や配合が無数にあるため、バーによって味が異なると言われている。カクテル好きなら1度は味わっておきたい一杯。,ジン,ステア,辛口,ショート,食前,カクテルグラス,透明,42%,"['スタンダード', 'キレがある', '強い']",https://dm58o2i5oqos8.cloudfront.net/photos/1.jpg
1,https://cocktail-f.com/cocktails/2,テキーラ・サンライズ,グレナデン・シロップとオレンジジュースのグラデーションで日の出を表現した美しいカクテル。テキーラ独特の風味とオレンジジュースがマッチした一品。,テキーラ,ビルド,中甘口,ロング,オール,ゴブレット,オレンジ,13%,"['スタンダード', '美しい']",https://dm58o2i5oqos8.cloudfront.net/photos/2.jpg
2,https://cocktail-f.com/cocktails/3,ジン・トニック,ジンとトニックウォーターをビルドするシンプルなレシピ。家でも簡単に作れる上、さっぱりして飲みやすい。シンプルかつスタンダードなカクテルが故にバーテンダーの腕が出やすいとされる。なお、トニックウォーターだけでは甘すぎる場合は炭酸水を半分入れたジン・ソニックというカクテルもある。,ジン,ビルド,中辛口,ロング,オール,タンブラー,透明,16%,"['スタンダード', 'キレがある']",https://dm58o2i5oqos8.cloudfront.net/photos/3.jpg
3,https://cocktail-f.com/cocktails/4,XYZ,ラムベースの中でもスタンダードカクテルで、ラムの甘みと柑橘の酸味がバランスよく飲みやすい。アルファベット最後の３文字から、「これで終わり」や「これ以上のものはない」といった意味がある。漫画シティーハンターでも登場し、こちらでは「後がない」という意味で伝言板に書き込まれる。,ラム,シェイク,中辛口,ショート,オール,カクテルグラス,白,30%,['スタンダード'],https://dm58o2i5oqos8.cloudfront.net/photos/4.jpg
4,https://cocktail-f.com/cocktails/5,モヒート,ラムの甘み、ミントのさわやかな香り、ライムの酸味、炭酸水の爽快感がある夏にぴったりのカクテル。ウイスキーのハイボールよりもスッキリとして飲みやすく、見た目のオシャレさも合わさって日本で人気が高まっている。,ラム,ビルド,中口,ロング,オール,コリンズグラス,透明,23%,"['スタンダード', 'さっぱり', '爽やか', '飲みやすい', '美しい']",https://dm58o2i5oqos8.cloudfront.net/photos/5.jpg
5,https://cocktail-f.com/cocktails/6,ホワイト・レディ,1919年、ロンドンの「シローズ・クラブ」のハリーマッケンホルン氏が考案したカクテル。ジンの切れのある味わいに甘みと酸味がマッチしたバランスの良いスタンダードなカクテル。ベースのお酒を変えることでサイドカー、バラライカ、XYZ等のカクテルとなる。,ジン,シェイク,中辛口,ショート,オール,カクテルグラス,白,34%,"['スタンダード', '歴史ある']",https://dm58o2i5oqos8.cloudfront.net/photos/6.jpg
6,https://cocktail-f.com/cocktails/7,ブラッディ・メアリー,血まみれメアリーと呼ばれたイングランド女王のメアリー１世が由来とされる。野菜スティックを添えたり、ウスターソース、胡椒、タバスコをかける場合もあり、海外では迎え酒として二日酔いの際にも飲まれる。つまんねー事聞くなよ？,ウォッカ,ビルド,中口,ロング,オール,コリンズグラス,赤,11%,"['スタンダード', '酔い醒まし']",https://dm58o2i5oqos8.cloudfront.net/photos/7.jpg
7,https://cocktail-f.com/cocktails/8,ウォッカ・マティーニ,使用する材料をドライ・ジンをウォッカに変えたマティーニ。ウォッカを使うことでジン特有のクセがなくなり、ややソフトな味わいになる。,ウォッカ,ステア,辛口,ショート,食前,カクテルグラス,透明,36%,"['キレがある', '男らしい', '強い']",https://dm58o2i5oqos8.cloudfront.net/photos/InPreparation.png
8,https://cocktail-f.com/cocktails/9,キューバ・リブレ,第二次キューバ独立戦争の合言葉から名前のついたカクテルで一般的にラムコークとも呼ばれる。ライムがあれば家でも簡単に作ることができる。ラムのコクとコーラのさっぱりとした味わいにライムの酸味が加わって暑いときにグッと飲みたい味わい。,ラム,ビルド,中口,ロング,オール,タンブラー,茶色,13%,"['スタンダード', 'シンプル', 'さっぱり']",https://dm58o2i5oqos8.cloudfront.net/photos/9.jpg
9,https://cocktail-f.com/cocktails/10,青い珊瑚礁,淡いグリーンとマラスキーノ・チェリーの赤色の対比が美しい日本生まれのカクテル。ミントリキュールの爽快な味わいが特徴。1950年の第2回オールジャパン・ドリンクス・コンクールの優勝作品。,ジン,シェイク,中甘口,ショート,オール,カクテルグラス,緑,38%,"['爽やか', '美しい']",https://dm58o2i5oqos8.cloudfront.net/photos/10.jpg
10,https://cocktail-f.com/cocktails/11,ギムレット,ジンとライムのキレのある味わいのスタンダードなカクテル。シンプルだがバーによって味わいが異なるのが面白い。小説「長いお別れ」の中で登場する「ギムレットには早すぎる」というセリフが有名で、小説の中ではジンとイギリス・ローズ社製のライムジュースを半分ずつとなっているが、実際は様々なレシピが存在する。,ジン,シェイク,辛口,ショート,食前,カクテルグラス,白,32%,"['スタンダード', '男らしい']",https://dm58o2i5oqos8.cloudfront.net/photos/11.jpg
11,https://cocktail-f.com/cocktails/12,ジン・バック,甘みと酸味のバランスがとれジンジャー・エールの炭酸も加わっているため夏にピッタリの爽快なカクテル。,ジン,ビルド,中口,ロング,オール,タンブラー,透明,16%,"['スタンダード', 'さっぱり', '爽やか']",https://dm58o2i5oqos8.cloudfront.net/photos/InPreparation.png
12,https://cocktail-f.com/cocktails/13,ジン・フィズ,1888年、アメリカ、ニューオーリンズの「インペリアル・キャビネット・サロン」のオーナーが初めて作ったとされるカクテルで、さっぱりと爽快な味わいが特徴。,ジン,シェイク,中辛口,ロング,オール,タンブラー,透明,16%,"['スタンダード', 'さっぱり', '爽やか']",https://dm58o2i5oqos8.cloudfront.net/photos/13.jpg
13,https://cocktail-f.com/cocktails/14,カミカゼ,名前は旧日本海軍の神風特攻隊に由来するが、生まれはアメリカのカクテル。ホワイト・キュラソーの甘さにライムの酸味が加わりさっぱりとした味わい。シェイクした上で氷を入れたグラスに注ぐ少し珍しいスタイルを取る。,ウォッカ,シェイク,中辛口,ロング,オール,オールドファッションドグラス,白,27%,"['スタンダード', 'さっぱり']",https://dm58o2i5oqos8.cloudfront.net/photos/14.jpg
14,https://cocktail-f.com/cocktails/15,スクリュー・ドライバー,油田の作業員がスクリュー・ドライバー（ねじ回し）で材料をかき混ぜたことからこの名がついた。ウォッカとオレンジジュースを混ぜたシンプルなカクテルで家でも簡単に作れる。あえてマドラーを添えることでねじ回しで混ぜていたことの名残を現している。,ウォッカ,ビルド,中口,ロング,オール,タンブラー,オレンジ,13%,"['スタンダード', 'シンプル', '飲みやすい']",https://dm58o2i5oqos8.cloudfront.net/photos/15.jpg
15,https://cocktail-f.com/cocktails/16,スレッジ・ハンマー,スレッジハンマーとは両手持ちの大型ハンマーで、カクテルの名前の通りウォッカとライムのシンプルで切れのある強烈な組み合わせでぶん殴られるような味わい。ぜひ搾りたての生ライムジュースを使いたい。,ウォッカ,シェイク,辛口,ショート,食前,カクテルグラス,白,28%,['キレがある'],https://dm58o2i5oqos8.cloudfront.net/photos/InPreparation.png
16,https://cocktail-f.com/cocktails/17,ソルティ・ドッグ,船の甲板員を意味するスラングが名前の由来。スノースタイルの塩の口当たりと味わいの変化が楽しいカクテル。,ウォッカ,ビルド,中口,ロング,オール,オールドファッションドグラス,黄,11%,"['スタンダード', '楽しい', '飲みやすい']",https://dm58o2i5oqos8.cloudfront.net/photos/17.jpg
17,https://cocktail-f.com/cocktails/18,バラライカ,バラライカとはロシアの民族楽器のこと。口当たりがよく切れのある味わい。ベースを変えることで他の様々なカクテルとなる。,ウォッカ,シェイク,中辛口,ショート,オール,カクテルグラス,白,30%,"['スタンダード', 'キレがある']",https://dm58o2i5oqos8.cloudfront.net/photos/18.jpg
18,https://cocktail-f.com/cocktails/19,ブルドッグ,ソルティ・ドッグをスノースタイルにせずにウォッカをグレープフルーツ・ジュースで割ったシンプルなカクテル。名前の由来として塩を抜いたソルティ・ドッグ→しっぽがない犬→ブルドッグとなったと言われる。,ウォッカ,ビルド,中口,ロング,オール,オールドファッションドグラス,黄,11%,"['スタンダード', 'シンプル', '飲みやすい']",https://dm58o2i5oqos8.cloudfront.net/photos/InPreparation.png
19,https://cocktail-f.com/cocktails/20,モスコ・ミュール,ラバのひと蹴りと呼ばれる、ウォッカとジンジャーエールとライムのさっぱりとした飲みやすいカクテル。辛口のジンジャーエールでよりピリッとした味わいに。,ウォッカ,ビルド,中口,ロング,オール,タンブラー,黄金色,11%,"['スタンダード', 'さっぱり', '爽やか', '飲みやすい', '料理に合う']",https://dm58o2i5oqos8.cloudfront.net/photos/20.jpg
20,https://cocktail-f.com/cocktails/21,エッグ・ノッグ,牛乳ベースの甘いカクテル。洋酒を抜いてノンアルコールとしても美味しくいただける。また、牛乳を温めることでホットカクテルとしても飲むことができる。,ラム,シェイク,中口,ロング,食後,タンブラー,黄,9%,"['濃厚', 'ホット', 'まろやか']",https://dm58o2i5oqos8.cloudfront.net/photos/InPreparation.png
21,https://cocktail-f.com/cocktails/22,グリーン・シー,グリーンミントリキュールの鮮やかな緑が美しい、キリッと爽やかなカクテル。度数は高めだがライトな飲み口となっている。,ウォッカ,ステア,中辛口,ショート,オール,カクテルグラス,緑,30%,['爽やか'],https://dm58o2i5oqos8.cloudfront.net/photos/InPreparation.png
22,https://cocktail-f.com/cocktails/23,ダイキリ,19世紀後半のダイキリ鉱山で働く鉱夫たちが暑さしのぎに飲んだのが始まりと言われる。ライム・ジュースをレモン・ジュースに変えても良い。,ラム,シェイク,中辛口,ショート,オール,カクテルグラス,白,28%,"['スタンダード', 'さっぱり', '歴史ある']",https://dm58o2i5oqos8.cloudfront.net/photos/23.jpg
23,https://cocktail-f.com/cocktails/24,ハバナ・ビーチ,ラム特有の香りにパイナップルジュースの甘酸っぱさとシロップの甘味が加わった口当たりまろやかで飲みやすいカクテル。キューバの首都の名前の通り南国のトロピカルさを感じることができる。,ラム,シェイク,中口,ショート,オール,カクテルグラス,黄,19%,"['飲みやすい', 'トロピカル']",https://dm58o2i5oqos8.cloudfront.net/photos/24.jpg
24,https://cocktail-f.com/cocktails/25,ボストン・クーラー,クーラーとは蒸留酒にレモンなどの酸味と甘味を加えて炭酸を加えたもの。ボストン・クーラーはその中でもラムを使った代表的なカクテルで、味わいはさっぱりとしており夏場の暑いときに最初の１杯に喉を潤すのに最適。,ラム,シェイク,中口,ロング,オール,タンブラー,透明,13%,"['スタンダード', 'さっぱり', '爽やか', '飲みやすい', '料理に合う']",https://dm58o2i5oqos8.cloudfront.net/photos/25.jpg
25,https://cocktail-f.com/cocktails/26,マイアミ,ラムの産地キューバに近いマイアミをイメージしたさわやかなカクテル。材料の比率を変えるとXYZになる。,ラム,シェイク,中口,ショート,オール,カクテルグラス,白,37%,"['爽やか', '強い']",https://dm58o2i5oqos8.cloudfront.net/photos/InPreparation.png
26,https://cocktail-f.com/cocktails/27,エル・ディアブロ,酸味がきいたさわやかな飲み口だが、飲みやすさの裏には悪魔が隠れているので飲み過ぎには注意。,テキーラ,ビルド,中甘口,ロング,オール,タンブラー,赤,11%,"['爽やか', '酸っぱい']",https://dm58o2i5oqos8.cloudfront.net/photos/InPreparation.png
27,https://cocktail-f.com/cocktails/28,マルガリータ,アメリカロサンゼルスのバーテンダー、ジャン・デュレッサー氏が若き日の亡くなった恋人マルガリータを偲んでつけられたと言われる。テキーラの風味と柑橘の酸味がマッチしたスノースタイルのカクテル。,テキーラ,シェイク,中辛口,ショート,オール,カクテルグラス,白,30%,"['スタンダード', 'エレガント']",https://dm58o2i5oqos8.cloudfront.net/photos/28.jpg
28,https://cocktail-f.com/cocktails/29,ウイスキー・ソーダ,ウイスキーを炭酸水で割っただけのシンプルな一杯。いわゆるハイボールで家でも簡単に作ることができるが、炭酸ができる限り抜けないようにステアには気をつけたい。好みのウイスキーでお気に入りのウイスキー・ソーダを作ろう。,ウイスキー,ビルド,中辛口,ロング,オール,タンブラー,黄金色,13%,"['スタンダード', 'シンプル', '爽やか', '飲みやすい', '料理に合う']",https://dm58o2i5oqos8.cloudfront.net/photos/29.jpg
29,https://cocktail-f.com/cocktails/30,サイドカー,ホワイト・キュラソーとレモンのさわやかさがブランデーの香りにマッチした一杯。名前の由来はサイドカーに乗った将校が恐怖を紛らわすためレモンをかじりながらブランデーを飲んだなど諸説ある。,ブランデー,シェイク,中辛口,ショート,オール,カクテルグラス,茶色,30%,"['スタンダード', '爽やか']",https://dm58o2i5oqos8.cloudfront.net/photos/30.jpg
30,https://cocktail-f.com/cocktails/31,ブランデー・エッグノッグ,エッグ・ノッグのブランデーの比率を変えた甘いカクテル。ホットで飲む場合はレシピが異なるため「ホット・ブランデー・エッグノッグ」で検索,ブランデー,シェイク,甘口,ロング,食後,タンブラー,白,9%,"['濃厚', 'まろやか']",https://dm58o2i5oqos8.cloudfront.net/photos/31.jpg
31,https://cocktail-f.com/cocktails/32,ニコラシカ,飲み方が非常に特徴的なカクテル。まず、砂糖をレモンで包み込むように持って口に入れて噛む。そして甘みと酸味が口の中に広がったところでブランデーを一気に口の中に含み、口の中で混ざったものを楽しむ。レモンの皮が苦手な場合は先に皮を剥いておいても良い。,ブランデー,ビルド,中口,ショート,食後,リキュールグラス,茶色,36%,"['楽しい', '男らしい', '強い']",https://dm58o2i5oqos8.cloudfront.net/photos/32.jpg
32,https://cocktail-f.com/cocktails/33,ホット・バタード・ラム・カウ,はちみつ、バター、牛乳のまろやかさとラムの刺激が美味しいホットカクテル。ラムの量を調整することでお酒が苦手な人でも楽しめる。ラムの種類はどれでも良いが、ゴールド・ラムまたはダーク・ラムが味に深みがでておすすめ。,ラム,ビルド,甘口,ロング,食後,ホットグラス,白,15%,"['濃厚', 'ホット', 'まろやか']",https://dm58o2i5oqos8.cloudfront.net/photos/33.jpg
33,https://cocktail-f.com/cocktails/34,アプリコット・クーラー,アプリコット・ブランデーのまろやかな香りと、炭酸のさっぱりとした味わいで女性に人気のカクテル。,リキュール,シェイク,中甘口,ロング,オール,コリンズグラス,赤,5%,"['爽やか', '飲みやすい', '女性におすすめ']",https://dm58o2i5oqos8.cloudfront.net/photos/InPreparation.png
34,https://cocktail-f.com/cocktails/35,チャイナ・ブルー,ライチの甘み、ブルーキュラソーの酸味、グレープフルーツジュースの苦味が絶妙にマッチしたさわやかな味わい。ブルーの色合いも美しく、女性に人気が高い。,リキュール,ビルド,甘口,ロング,オール,コリンズグラス,青,11%,"['スタンダード', 'さっぱり', '飲みやすい', '女性におすすめ']",https://dm58o2i5oqos8.cloudfront.net/photos/35.jpg
35,https://cocktail-f.com/cocktails/36,バレンシア,オレンジで有名なスペインのバレンシア地方の名がつくカクテル。アプリコットとオレンジの香りの調和が素晴らしく、甘く飲みやすいため女性にも人気がある。グラスはカクテルグラスでも氷を入れて好きなグラスに入れても良い。管理人おすすめの一杯。,リキュール,シェイク,中甘口,ショート,オール,カクテルグラス,オレンジ,15%,"['スタンダード', '飲みやすい']",https://dm58o2i5oqos8.cloudfront.net/photos/36.jpg
36,https://cocktail-f.com/cocktails/37,カンパリ・オレンジ,苦味が特徴的なカンパリを使った代表的なカクテル。カンパリをオレンジジュースで割るだけのシンプルなレシピで、オレンジジュースを使う分カンパリソーダより飲みやすい。最近は居酒屋でもメニューにあることが多い。,リキュール,ビルド,中口,ロング,オール,タンブラー,赤,8%,"['スタンダード', 'シンプル']",https://dm58o2i5oqos8.cloudfront.net/photos/InPreparation.png
37,https://cocktail-f.com/cocktails/38,カンパリ・ソーダ,カンパリをソーダで割るだけのシンプルなカクテル。カットしたオレンジを加えることで風味が増す。カンパリの苦味をストレートに感じる大人の味。,リキュール,ビルド,中口,ロング,オール,タンブラー,赤,8%,"['スタンダード', 'シンプル', 'さっぱり', '料理に合う']",https://dm58o2i5oqos8.cloudfront.net/photos/38.jpg
38,https://cocktail-f.com/cocktails/39,グラス・ホッパー,ミント、カカオ、生クリームの組み合わせからわかるように、味わいは濃厚なチョコミント。食後のドリンクとして最後の一杯の定番の一つ。生クリームを使ったカクテルは混ざりづらいため十分にシェイクすること。,リキュール,シェイク,甘口,ショート,食後,カクテルグラス,緑,15%,"['スタンダード', '爽やか', '濃厚', '飲みやすい', '女性におすすめ']",https://dm58o2i5oqos8.cloudfront.net/photos/39.jpg
39,https://cocktail-f.com/cocktails/40,カルーア・ミルク,居酒屋でもよく置かれるようになった、カルーアと牛乳だけで作れるシンプルなカクテル。材料を混ぜずにグラスのなかで分離させておくことで、コーヒーリキュールと牛乳の層が美しくでる。,リキュール,ビルド,甘口,ロング,食後,オールドファッションドグラス,茶色,12%,"['スタンダード', 'シンプル', '濃厚']",https://dm58o2i5oqos8.cloudfront.net/photos/40.jpg
40,https://cocktail-f.com/cocktails/41,カルーア・ラテ,カルーア・ミルクと同じ分量で、材料をシェイクしたもの。シェイクすることでミルクが細かくなめらかな泡となってより上品でリッチな味わいになる。,リキュール,シェイク,甘口,ロング,食後,オールドファッションドグラス,茶色,12%,"['濃厚', 'まろやか']",https://dm58o2i5oqos8.cloudfront.net/photos/41.jpg
41,https://cocktail-f.com/cocktails/42,ニエベ・メヒカーナ,メキシコの高地に降る雪という名のカクテル。ふんわりとした泡に加え、生クリームを追加する分、カルーア・ラテよりもさらに濃厚で甘い味わいとなる。カルーア・ミルク→カルーア・ラテ→ニエベ・メヒカーナの違いを楽しもう。,リキュール,シェイク,甘口,ロング,食後,オールドファッションドグラス,茶色,9%,"['濃厚', 'まろやか']",https://dm58o2i5oqos8.cloudfront.net/photos/42.jpg
42,https://cocktail-f.com/cocktails/43,ブラック・ルシアン,ウォッカとコーヒーリキュールだけのシンプルなカクテル。コーヒーリキュールの味が直に伝わってくる。飲みやすさに対して度数が非常に高いので注意。,リキュール,ビルド,中口,ロング,オール,オールドファッションドグラス,黒,30%,"['スタンダード', 'シンプル', 'キレがある']",https://dm58o2i5oqos8.cloudfront.net/photos/43.jpg
43,https://cocktail-f.com/cocktails/44,ホワイト・ルシアン,ブラック・ルシアンに生クリームを浮かべたカクテル。ウォッカの刺激をコーヒー・リキュールと生クリームが優しく包む甘くて飲みやすいカクテル。,リキュール,ビルド,中甘口,ロング,オール,オールドファッションドグラス,黒,25%,"['スタンダード', 'まろやか']",https://dm58o2i5oqos8.cloudfront.net/photos/44.jpg
44,https://cocktail-f.com/cocktails/45,キール,フランス、ディジョンの市長、フェリックス・キール氏が考案したと言われる。家庭で白ワインを飲みきれなかった場合など、カクテルにすることで味を変えて楽しむことができる。,ワイン,ビルド,中口,ショート,食前,ワイングラス,赤,13%,['シンプル'],https://dm58o2i5oqos8.cloudfront.net/photos/InPreparation.png
45,https://cocktail-f.com/cocktails/46,ベルモット・アンド・カシス,甘酸っぱいカシスとベルモットのかすな甘さを炭酸水で割った軽快なカクテル。フランスでは別名「ポンピエ（消防士）」とも呼ばれている。,ワイン,ビルド,中口,ロング,オール,タンブラー,赤,10%,['爽やか'],https://dm58o2i5oqos8.cloudfront.net/photos/InPreparation.png
46,https://cocktail-f.com/cocktails/47,シャンディー・ガフ,ビールの苦味をジンジャーエールで抑え、ダブルの炭酸で爽快感もあるビアカクテル。度数控えめでアルコール特有の味と匂いが少なく、お酒が苦手な人でも飲みやすい。また、見た目がビールと変わらないので飲み会の席でお酒を飲んでる風に装える。（実際は度数3%ほとでノンアルコールではないので注意）,ビール,ビルド,中口,ロング,オール,ゴブレット,黄金色,3%,"['スタンダード', 'シンプル', '爽やか', '飲みやすい', '料理に合う']",https://dm58o2i5oqos8.cloudfront.net/photos/47.jpg
47,https://cocktail-f.com/cocktails/48,レッド・アイ,二日酔いの目が赤くなった状態からこの名がついたと言われている。トマト・ジュースが爽やかで飲んだ翌朝に迎え酒とし飲む事ても有名。（なお、迎え酒はアルコール依存症への道なのでやめましょう）,ビール,ビルド,中口,ロング,オール,ゴブレット,赤,3%,"['スタンダード', 'シンプル', '酔い醒まし']",https://dm58o2i5oqos8.cloudfront.net/photos/48.jpg
48,https://cocktail-f.com/cocktails/49,サムライ・ロック,日本酒にライムを入れるだけのシンプルなカクテル。日本酒特有の匂いをライムで抑えているため、日本酒が苦手な人でも飲みやすくなっている。,日本酒,ビルド,中辛口,ロング,オール,オールドファッションドグラス,透明,16%,"['シンプル', 'キレがある']",https://dm58o2i5oqos8.cloudfront.net/photos/49.jpg
49,https://cocktail-f.com/cocktails/50,ミルク・セーキ,シンプルな材料で家庭でも作れる、卵と牛乳のやさしい味わいの一品。牛乳を温めてホットでいただくことも。,なし,シェイク,甘口,ロング,食後,ゴブレット,白,0%(ノンアルコール),"['濃厚', '飲みやすい', 'まろやか']",https://dm58o2i5oqos8.cloudfront.net/photos/50.jpg
50,https://cocktail-f.com/cocktails/51,レモネード,レモンの爽快感と砂糖の甘みで喉が渇いたときに飲み干したい一品。レモンを砂糖漬けにしたシロップを準備しておき、薄めて作る方法もある。,なし,ビルド,中甘口,ロング,オール,タンブラー,白,0%(ノンアルコール),"['さっぱり', '爽やか', '飲みやすい', '酸っぱい']",https://dm58o2i5oqos8.cloudfront.net/photos/51.jpg
51,https://cocktail-f.com/cocktails/52,家康,「CAVACAVA」のオリジナルカクテル。淡い紫色が底に沈む、家康に潜む闇を表現している。,ジン,シェイク,中口,ショート,オール,カクテルグラス,白,30%,['オリジナル'],https://dm58o2i5oqos8.cloudfront.net/photos/InPreparation.png
52,https://cocktail-f.com/cocktails/53,パリジャン,かつてクレーム・ド・カシスの販売促進用に考えられたカクテルと言われている。マティーニのレシピに似ているが、カシスの甘みが足されており、やや万人向け。,ジン,ステア,中口,ショート,食前,カクテルグラス,赤,30%,"['美しい', '男らしい']",https://dm58o2i5oqos8.cloudfront.net/photos/InPreparation.png
53,https://cocktail-f.com/cocktails/54,スカイ・ダイビング,深い青色が美しいさわやかなカクテル。1967年の全日本バーテンダー協会カクテルコンペティションの優勝作品。,ラム,シェイク,中辛口,ショート,オール,カクテルグラス,青,28%,"['爽やか', '美しい']",https://dm58o2i5oqos8.cloudfront.net/photos/InPreparation.png
54,https://cocktail-f.com/cocktails/55,ラム・コリンズ,ラムベースのコリンズスタイルのカクテル。コリンズとはスピリッツにレモン・ジュース、砂糖を加え、炭酸水で満たすスタイルのカクテルを指す。フィズに近いが、一般的にフィズで使うタンブラーよりもコリンズグラスのサイズが大きいため、一杯の量が多い。,ラム,ビルド,中甘口,ロング,オール,コリンズグラス,透明,13%,"['スタンダード', 'さっぱり', '爽やか', '飲みやすい', '料理に合う']",https://dm58o2i5oqos8.cloudfront.net/photos/InPreparation.png
55,https://cocktail-f.com/cocktails/56,ブランティーニ,ブランデー、ジン、ベルモットの三重の香りで満たされた非常にふくよかなカクテル。度数が高いにもかかわらず、それを感じさせない強い香りが特徴的。,ブランデー,ステア,辛口,ショート,食前,カクテルグラス,茶色,37%,"['キレがある', 'エレガント']",https://dm58o2i5oqos8.cloudfront.net/photos/56.jpg
56,https://cocktail-f.com/cocktails/57,インペリアル・フィズ,ラム、レモン、シュガーシロップが加わることで甘くさっぱりとしたハイボールといった味わい。皇帝という名前のわりに飲みやすいカクテル。,ウイスキー,シェイク,中口,ロング,オール,タンブラー,黄金色,12%,"['さっぱり', '飲みやすい']",https://dm58o2i5oqos8.cloudfront.net/photos/57.jpg
57,https://cocktail-f.com/cocktails/58,ナイトメア・オブ・レッド,「CocktailType」というカクテルレシピサイトの管理人がカクテルアワードに応募しようとして悪夢を見たのが名前の由来。カンパリの苦味、ジンの辛味、パイナップルの甘みを感じる辛口でパンチの強いカクテル。,ジン,ビルド,辛口,ロング,食前,オールドファッションドグラス,赤,22%,"['男らしい', 'オリジナル']",https://dm58o2i5oqos8.cloudfront.net/photos/InPreparation.png
58,https://cocktail-f.com/cocktails/59,アクア,鮮やかなエメラルドグリーンの中に気泡が浮かぶ非常に美しいカクテル。ミントリキュールをトニックがまろやかに包み込み飲みやすく仕上がっている。,ウォッカ,シェイク,中口,ロング,オール,シャンパングラス,緑,9%,"['爽やか', '飲みやすい', '美しい']",https://dm58o2i5oqos8.cloudfront.net/photos/59.jpg
59,https://cocktail-f.com/cocktails/60,ゼニス・クーラー,パイナップルとジンが絶妙にマッチした、絶頂という意味のクーラースタイルのカクテル。パイナップルがさっぱりとしていて夏にピッタリな味わい。,ジン,ビルド,中口,ロング,オール,タンブラー,透明,18%,"['さっぱり', '飲みやすい']",https://dm58o2i5oqos8.cloudfront.net/photos/InPreparation.png
60,https://cocktail-f.com/cocktails/61,バーボン・バック,バーボンとジンジャーエールがマッチした、爽やかで飲みやすいカクテル。ウイスキーで作ればウイスキー・バックになる。,ウイスキー,ビルド,中辛口,ロング,オール,タンブラー,黄金色,10%,"['スタンダード', '爽やか']",https://dm58o2i5oqos8.cloudfront.net/photos/InPreparation.png
61,https://cocktail-f.com/cocktails/62,オレンジ・フィズ,ドライ・ジンの苦味を残しつつもオレンジで飲みやすく仕上がったカクテルで、女性に人気がある。,ジン,シェイク,中口,ロング,オール,タンブラー,オレンジ,16%,"['スタンダード', 'さっぱり', '飲みやすい']",https://dm58o2i5oqos8.cloudfront.net/photos/InPreparation.png
62,https://cocktail-f.com/cocktails/63,ディタモーニ,チャイナ・ブルーと同じくライチとグレープフルーツをあわせたカクテル。トニック・ウォーターで割っている分炭酸で喉ごし爽やかな味わいで女性に人気がある。「ディタ」はライチリキュールの代表的な銘柄だが、ディタ以外のライチリキュールを使っても問題ない。,リキュール,ビルド,中甘口,ロング,オール,コリンズグラス,白,4%,"['爽やか', '飲みやすい', '女性におすすめ']",https://dm58o2i5oqos8.cloudfront.net/photos/63.jpg
63,https://cocktail-f.com/cocktails/64,コロンブス,ラムのコクにアプリコット・ブランデーの甘みとレモンの酸味が合わさり、香りは甘く飲むと少し酸っぱいカクテル。コロンブスのような冒険の旅に出かける際の一杯に。,ラム,シェイク,中口,ショート,オール,カクテルグラス,オレンジ,26%,['酸っぱい'],https://dm58o2i5oqos8.cloudfront.net/photos/InPreparation.png
64,https://cocktail-f.com/cocktails/65,ミッドナイト・カウボーイ,バーボンとダーク・ラムの豊かな香りと生クリームのまろやかな口当たりを楽しめるが、度数が強くカウボーイの名に負けない味わいの強いカクテル。,ウイスキー,シェイク,中辛口,ショート,オール,オールドファッションドグラス,白,33%,"['男らしい', 'まろやか']",https://dm58o2i5oqos8.cloudfront.net/photos/65.jpg
65,https://cocktail-f.com/cocktails/66,プラチナ・ブロンド,オレンジとラムの風味と生クリームのまろやかさと甘みがマッチし、上品なケーキのような味わい。銀白色の髪の女性のように純白で美しい。,ラム,シェイク,甘口,ショート,食後,カクテルグラス,白,27%,"['濃厚', '美しい', 'まろやか']",https://dm58o2i5oqos8.cloudfront.net/photos/66.jpg
66,https://cocktail-f.com/cocktails/67,ソルト・リック,作り方はソルティ・ドッグにトニック・ウォーターを加えたもの。トニック・ウォーターの炭酸が加わることで、より飲みやすく飽きのこない味わいとなっている。,ウォッカ,ビルド,中口,ロング,食前,コリンズグラス,白,10%,"['さっぱり', '飲みやすい']",https://dm58o2i5oqos8.cloudfront.net/photos/InPreparation.png
67,https://cocktail-f.com/cocktails/68,ウイスキー・サワー,サワー系のカクテルの中でも代表的なレシピで、ウイスキーにレモンの酸味と甘味が加わり飲みやすくなっている。本来「サワー」とは炭酸ではなく酸味の意味を指すため、炭酸は入っていない。,ウイスキー,シェイク,中辛口,ショート,オール,サワーグラス,黄金色,24%,"['スタンダード', '酸っぱい', '料理に合う']",https://dm58o2i5oqos8.cloudfront.net/photos/InPreparation.png
68,https://cocktail-f.com/cocktails/69,ダーティ・マザー,ブランデーの香りにコーヒー・リキュールの香りが加わり、非常に芳醇な味わいになっている。また、度数が低くないためブランデーの辛味も感じることができる。ブランデーがコーヒー・リキュールで濁って茶色になった様子が「汚れた母」をイメージされて付けられたと言われる。,ブランデー,ビルド,中甘口,ロング,食後,オールドファッションドグラス,茶色,33%,['シンプル'],https://dm58o2i5oqos8.cloudfront.net/photos/InPreparation.png
69,https://cocktail-f.com/cocktails/70,ビーズ・キッス,ミツバチのキスという意味を持つ蜂蜜を使ったカクテル。蜂蜜を使用している分、シュガー・シロップのようなきつい甘さではなく、コクのあるまろやかな甘さになっている。飲みやすさの割に度数は高めなので注意。,ラム,シェイク,甘口,ショート,オール,カクテルグラス,白,27%,"['飲みやすい', 'まろやか']",https://dm58o2i5oqos8.cloudfront.net/photos/InPreparation.png
70,https://cocktail-f.com/cocktails/71,ホット・ブランデー・エッグノッグ,風邪の時にもおすすめなブランデーベースのホットカクテル。手間はかかるが卵黄と卵白を別で泡立てることで泡のふわふわな状態を楽しめる。丁寧な作りが味を左右する優しさあふれるカクテル。,ブランデー,ビルド,甘口,ロング,食後,ホットグラス,白,9%,"['濃厚', 'ホット', 'まろやか']",https://dm58o2i5oqos8.cloudfront.net/photos/InPreparation.png
71,https://cocktail-f.com/cocktails/72,ソルティ・ブル,グレープフルーツの酸味と苦味がテキーラの風味を際立たせた、テキーラを楽しむためのカクテル。テキーラの生まれ故郷メキシコではテキーラを柑橘と塩だけで味わう人がいると言い、まさにその飲み方を楽しめる。,テキーラ,ビルド,中口,ロング,オール,コリンズグラス,白,11%,['スタンダード'],https://dm58o2i5oqos8.cloudfront.net/photos/InPreparation.png
72,https://cocktail-f.com/cocktails/73,ジン・リッキー,相性の良いジンとライムをダイレクトに味わうことができるカクテル。グラスに沈んだライムをマドラーで好みに潰しながら飲めるため、ジュースだけではなく果実の食感も楽しめる。ただしライムを潰しすぎると皮の渋みが出てしまうのでほどほどに。,ジン,ビルド,辛口,ロング,オール,タンブラー,透明,16%,"['スタンダード', 'シンプル', 'さっぱり', '楽しい']",https://dm58o2i5oqos8.cloudfront.net/photos/73.jpg
73,https://cocktail-f.com/cocktails/74,ゴッド・ファーザー,ウイスキーのどっしりとした味わいをアマレットの甘さがやさしく包み込んだシンプルながらも奥深い味わい。コッポラ監督によるマフィア映画の金字塔である同名の映画にちなんで作られており、荒々しい抗争の世界と優しい家族愛がカクテルにも現れている。,ウイスキー,ビルド,中甘口,ロング,食後,オールドファッションドグラス,黄金色,37%,"['シンプル', '男らしい', '映画']",https://dm58o2i5oqos8.cloudfront.net/photos/74.jpg
74,https://cocktail-f.com/cocktails/75,カンパリ・ビア,カンパリの苦味をビールがまろやかにすることで、カンパリの甘みを十分に感じることができる、ルビー色に輝く見た目も美しい。,ビール,ビルド,中口,ロング,食前,ピルスナーグラス,赤,7%,['シンプル'],https://dm58o2i5oqos8.cloudfront.net/photos/InPreparation.png
75,https://cocktail-f.com/cocktails/76,メキシカン,テキーラのしっかりした味わいにパイナップルが爽やかに香る飲みやすい一杯。メキシカンという名前だが生まれはロンドン、サボイ・ホテルのハリー・クラドック氏作が考案したカクテルで、テキーラベースの中ではもっとも古いとも言われている。,テキーラ,シェイク,中甘口,ショート,食後,カクテルグラス,オレンジ,26%,['爽やか'],https://dm58o2i5oqos8.cloudfront.net/photos/InPreparation.png
76,https://cocktail-f.com/cocktails/77,スプモーニ,イタリア語の「泡立てる」という単語から名がついたと言われる。カンパリの苦味をグレープフルーツのとトニックウォーターがさっぱりと飲みやすく仕立てている。カンパリを使った色合いも美しい。,リキュール,ビルド,中甘口,ロング,オール,コリンズグラス,赤,5%,"['スタンダード', '飲みやすい']",https://dm58o2i5oqos8.cloudfront.net/photos/77.jpg
77,https://cocktail-f.com/cocktails/78,フレンチ・コネクション,ゴッド・ファーザーのウイスキーをブランデーに変えたもので、こちらも同名の映画を名前の由来とする。ブランデーの豊かな香りとアマレットの甘みがマッチしており、非常に上品な味わいのカクテル。,ブランデー,ビルド,中甘口,ロング,オール,オールドファッションドグラス,黄金色,30%,"['シンプル', 'エレガント', '映画']",https://dm58o2i5oqos8.cloudfront.net/photos/78.jpg
78,https://cocktail-f.com/cocktails/79,イエロー・フェロー,パイナップルとオレンジの甘くてジューシーな味わいで飲みやすく、女性に人気のあるカクテル。ウォッカが味に影響を与えづらい分その他の素材の味が存分に感じられる。,ウォッカ,シェイク,中甘口,ショート,オール,カクテルグラス,黄,20%,"['飲みやすい', '女性におすすめ']",https://dm58o2i5oqos8.cloudfront.net/photos/InPreparation.png
79,https://cocktail-f.com/cocktails/80,ベルベット・ハンマー,オレンジ・ブランデー・コーヒーの味と香りを次々に感じることができ、全体を生クリームのまろやかさでまとめたカクテル。甘みが強いため、デザートカクテルとしておすすめ。,リキュール,シェイク,甘口,ショート,食後,カクテルグラス,茶色,21%,"['濃厚', 'まろやか']",https://dm58o2i5oqos8.cloudfront.net/photos/80.jpg
80,https://cocktail-f.com/cocktails/81,マンハッタン,かつてのチャーチル英国首相の母親が考案者だとも言われるカクテル。スイート・ベルモットの甘さを強く感じつつも、バーボンのしっかりとした香りも楽しめる。度数は高めだが色合いも美しく女性にもおすすめの一品。マティーニと同じくバーテンダーにより味が変わると言われており、シンプルな材料ながらも奥深い。,ウイスキー,ステア,中口,ショート,食前,カクテルグラス,茶色,32%,"['スタンダード', '美しい', 'エレガント', '女性におすすめ']",https://dm58o2i5oqos8.cloudfront.net/photos/81.jpg
81,https://cocktail-f.com/cocktails/82,アラウンド・ザ・ワールド,飛行機の世界一周航路開設記念で開催されたカクテルコンクールの優勝作品。パイナップルジュースを加えていることで、ジンとミントの爽やかな香りに甘みを加えてすっきりと飲むことができる。,ジン,シェイク,中甘口,ショート,オール,カクテルグラス,緑,35%,['爽やか'],https://dm58o2i5oqos8.cloudfront.net/photos/InPreparation.png
82,https://cocktail-f.com/cocktails/83,クラシック・ドライ・マティーニ,カクテルの王様マティーニは時代が進むに連れ辛口になったが、その辛口への変化のスタートと言えるべきレシピがこのクラシック・ドライ・マティーニ。現在のマティーニに比べるとドライ・ベルモットの割合が多く、飲みやすい仕上がりとなっている。,ジン,ステア,辛口,ショート,食前,カクテルグラス,透明,40%,"['スタンダード', 'キレがある', 'エレガント', '歴史ある']",https://dm58o2i5oqos8.cloudfront.net/photos/InPreparation.png
83,https://cocktail-f.com/cocktails/84,マタドール,闘牛士という雄々しい名前ながらも、テキーラの香りをパイナップル・ジュースとライムで甘酸っぱく飲みやすくしたカクテルで、夏にピッタリの味わい。,テキーラ,シェイク,中甘口,ロング,オール,オールドファッションドグラス,黄,13%,"['スタンダード', 'さっぱり', '酸っぱい']",https://dm58o2i5oqos8.cloudfront.net/photos/InPreparation.png
84,https://cocktail-f.com/cocktails/85,エクソシスト,有名な映画の名前を思い起こす、悪魔祓いの名を持つカクテル。味わい自体はマルガリータと同じで、ホワイトキュラソーをブルーキュラソーに変えたレシピになる。しかし、特有の深いブルーの色合いが不気味さを出し、また違った味わいに感じられる…かもしれない。,テキーラ,シェイク,中辛口,ショート,オール,カクテルグラス,青,30%,['美しい'],https://dm58o2i5oqos8.cloudfront.net/photos/InPreparation.png
85,https://cocktail-f.com/cocktails/86,キウイ・マティーニ,ジンの辛さにキウイフルーツの甘みと酸味が抜群にマッチしたカクテル。飾り付けに鳥のキウイを見立てたキウイフルーツとレモンピールを飾り付けるとオシャレ。,ジン,シェイク,中甘口,ショート,オール,カクテルグラス,緑,23%,['飲みやすい'],https://dm58o2i5oqos8.cloudfront.net/photos/86.jpg
86,https://cocktail-f.com/cocktails/87,ビトゥイン・ザ・シーツ,「シーツの間に入って＝ベッドに入って」という意味を持つカクテル。ホワイト・キュラソーのオレンジの風味が強く出てやや甘口の穏やかな味わいだが、分量の大半がアルコールなので度数が高め。名前と度数からまさか女性に飲ませようとする人はいないと思うが…。,ブランデー,シェイク,中甘口,ショート,食後,カクテルグラス,黄,37%,['強い'],https://dm58o2i5oqos8.cloudfront.net/photos/87.jpg
87,https://cocktail-f.com/cocktails/88,ビッグ・アップル,ウォッカをアップル・ジュースで割るだけのシンプルなカクテル。癖がなくアップル・ジュースの美味しさを純粋に楽しむことができる。ウォッカのアルコールを感じづらいため、飲み過ぎには注意したい。,ウォッカ,ビルド,中甘口,ロング,オール,コリンズグラス,黄,13%,"['シンプル', '飲みやすい']",https://dm58o2i5oqos8.cloudfront.net/photos/88.jpg
88,https://cocktail-f.com/cocktails/89,コザック,無敵と言われた帝政ロシア時代の騎兵隊の名前のごとく、度数が高く甘みの少ない力強い味わい。ライム・ジュースの酸味が全体をキリッとまとめ上げている。,ウォッカ,シェイク,中辛口,ショート,オール,カクテルグラス,黄,31%,['強い'],https://dm58o2i5oqos8.cloudfront.net/photos/InPreparation.png
89,https://cocktail-f.com/cocktails/90,バカルディ・カクテル,ラムで有名なバカルディ社が考案したカクテル。このバカルディ・カクテルを名乗るにはバカルディ社のホワイト・ラムを使用する必要があり、その他ラムを使用した場合はピンク・ダイキリと呼ばれる。,ラム,シェイク,中口,ショート,オール,カクテルグラス,ピンク,28%,['さっぱり'],https://dm58o2i5oqos8.cloudfront.net/photos/InPreparation.png
90,https://cocktail-f.com/cocktails/91,ブロードウェイ・サースト,ミュージカルの街、ブロードウェイへの渇望の意味を込められたカクテル。オレンジ・ジュース、レモン・ジュースによってアルコール度数も抑えられており、飲みやすく喉の渇きも潤してくれる一杯。,テキーラ,シェイク,中口,ショート,オール,カクテルグラス,黄,19%,['飲みやすい'],https://dm58o2i5oqos8.cloudfront.net/photos/InPreparation.png
91,https://cocktail-f.com/cocktails/92,シルバー・ウィング,ドライ・ベルモットとホワイト・キュラソーがバランス良く非常に香り高い一杯に仕上がっている。色合いも銀色に輝き非常に美しい仕上がりだが、度数は高めのため気をつけること。,ウォッカ,ステア,中辛口,ショート,食前,カクテルグラス,白,35%,"['美しい', '強い']",https://dm58o2i5oqos8.cloudfront.net/photos/92.jpg
92,https://cocktail-f.com/cocktails/93,アカプルコ,ホワイト・キュラソーを抜くとダイキリ、シュガー・シロップを抜いてホワイト・キュラソーの量を変えるとXYZとなる。ホワイト・キュラソーが少ない分酸味を強く感じる事ができ、リゾート地の名前にふさわしいさっぱりとした味わいとなっている。,ラム,シェイク,中口,ショート,オール,カクテルグラス,白,28%,"['さっぱり', 'トロピカル']",https://dm58o2i5oqos8.cloudfront.net/photos/InPreparation.png
93,https://cocktail-f.com/cocktails/94,スリー・ミラーズ,ブランデーのしっかりとした味と香りにグレナデン・シロップの甘みが合わさった、辛味と甘みが融合した大人向けのカクテル。ブランデーにグレナデン・シロップの赤が加わった赤褐色がまた非常に美しく、落ち着いた雰囲気の中で飲むにはうってつけの一杯。,ブランデー,シェイク,中辛口,ショート,オール,カクテルグラス,茶色,37%,"['美しい', 'エレガント']",https://dm58o2i5oqos8.cloudfront.net/photos/InPreparation.png
94,https://cocktail-f.com/cocktails/95,ジン・アンド・ビターズ,ジンにアンゴスチュラ・ビターズが香る一杯。ほぼジンのため度数は非常に高く、辛口の大人の味。氷を入れずにカクテルグラスで作るとピンク・ジンというカクテルになる。,ジン,ビルド,辛口,ロング,食後,オールドファッションドグラス,茶色,46%,"['キレがある', '強い']",https://dm58o2i5oqos8.cloudfront.net/photos/InPreparation.png
95,https://cocktail-f.com/cocktails/96,ウォッカ・リッキー,ライムを絞り入れ、ウォッカと炭酸水を注いだシンプルなカクテル。ライムをマドラーで潰しながら自分好みの味に調整できる。さっぱり爽快な味わいは暑い夏にピッタリ。,ウォッカ,ビルド,辛口,ロング,オール,タンブラー,透明,13%,"['爽やか', '楽しい']",https://dm58o2i5oqos8.cloudfront.net/photos/InPreparation.png
96,https://cocktail-f.com/cocktails/97,スモーキー・マティーニ,ドライ・ベルモットの代わりにスコッチ・ウイスキーを使用したマティーニの一つ。ジンとウイスキーが口の中で香る、辛口で度数も高いカクテル。普段のマティーニから少し変化を楽しみたいときに飲んでみると良い。,ジン,ステア,辛口,ショート,食前,カクテルグラス,黄金色,45%,"['キレがある', '強い']",https://dm58o2i5oqos8.cloudfront.net/photos/InPreparation.png
97,https://cocktail-f.com/cocktails/98,ブルー・マルガリータ,ブルー・キュラソーの美しい青色が全面に出たマルガリータ。味わいこそはマルガリータと同じだが、色の違いでまた違った味わいに感じられる。スノースタイルを抜くと「エクソシスト」というカクテルになる。,テキーラ,シェイク,中口,ショート,オール,カクテルグラス,青,26%,['美しい'],https://dm58o2i5oqos8.cloudfront.net/photos/InPreparation.png
98,https://cocktail-f.com/cocktails/99,サラトガ・クーラー,名前の由来はアメリカ西海岸の街「サラトガ」とされている。ライムとジンジャーエールのバランスが良い甘みを抑えた夏にピッタリの一杯。コーディアルライムジュースはそのまま炭酸水で割るだけでも美味しいが、ジンジャーエールで割ることで酸味を抑え、甘みと辛味がプラスされる。,なし,ビルド,中口,ロング,オール,タンブラー,黄金色,0%(ノンアルコール),"['さっぱり', '飲みやすい']",https://dm58o2i5oqos8.cloudfront.net/photos/99.jpg
99,https://cocktail-f.com/cocktails/100,ニューヨーク,アメリカ、ニューヨークの名前を持つカクテル。ウイスキーはアメリカ生まれのバーボンまたはライ・ウイスキーを使うことを勧められている。オレンジピールの香りがアクセントとなっており、バーボンまたはライ特有の香りを引き締めている。,ウイスキー,シェイク,中口,ショート,オール,カクテルグラス,赤,29%,['エレガント'],https://dm58o2i5oqos8.cloudfront.net/photos/100.jpg
100,https://cocktail-f.com/cocktails/101,カリフォルニア・レモネード,ウイスキーは主にバーボンを利用する大人のレモネード。酸味が強くレモネードという名前は飾りではない。カリフォルニアの温暖な気候にマッチしたさっぱりカクテル。,ウイスキー,シェイク,中口,ロング,オール,コリンズグラス,赤,11%,"['さっぱり', '爽やか', '酸っぱい']",https://dm58o2i5oqos8.cloudfront.net/photos/InPreparation.png
101,https://cocktail-f.com/cocktails/102,ゴッド・マザー,ウォッカにアマレットを加えてるだけのシンプルなカクテル。ゴッド・ファーザーのレシピのうちウイスキーをウォッカに変えたもので、アマレット特有のアーモンドの香りと甘みを感じやすい。ウォッカはできるだけ癖のないものを選ぶとアマレットの香りを楽しみやすい。,ウォッカ,ビルド,甘口,ロング,オール,オールドファッションドグラス,黄金色,36%,"['シンプル', '強い']",https://dm58o2i5oqos8.cloudfront.net/photos/102.jpg
102,https://cocktail-f.com/cocktails/103,パラダイス,相性の良いアプリコット・ブランデーとオレンジジュースの甘みをジンのキレで締めるバランスの良い味わいで、材料の比率を変えて好みの味わいに調整することができる。1930年には本に記載がある歴史の長いカクテル。,ジン,シェイク,甘口,ショート,オール,カクテルグラス,オレンジ,30%,['歴史ある'],https://dm58o2i5oqos8.cloudfront.net/photos/103.jpg
103,https://cocktail-f.com/cocktails/104,スプリッツァー,白ワインを炭酸水で割り、レモンやライムを添えたカクテル。割っているので度数も抑えられて飲みやすく、なにより炭酸が弾けて爽快な飲み口になっている。名前の由来はこのカクテルの特徴通りドイツ語で「弾ける」という意味の「シュプリッツェン（Spritzen）」からきている。かつてイギリスのダイアナ妃も愛飲していたことで有名。,ワイン,ビルド,中口,ロング,オール,コリンズグラス,黄金色,5%,"['さっぱり', '爽やか', '飲みやすい']",https://dm58o2i5oqos8.cloudfront.net/photos/InPreparation.png
104,https://cocktail-f.com/cocktails/105,クラリッジ,アプリコットとオレンジの華やかな香りと甘みのあとに、ジンとドライ・ベルモットのキレのある後味が残る、甘すぎず高級感のあるカクテル。パリにあるクラリッジ・ホテルで提供されるカクテルで、上品で女性にもオススメの一杯。,ジン,シェイク,中口,ショート,オール,カクテルグラス,黄金色,32%,"['エレガント', '女性におすすめ']",https://dm58o2i5oqos8.cloudfront.net/photos/InPreparation.png
105,https://cocktail-f.com/cocktails/106,ボッチ・ボール,アマレットにオレンジ・ジュースで甘口ながらも炭酸水でスッキリと飲めるカクテル。アルコール臭も少ないため、お酒があまり強くない人でも飲みやすい。日本人にはインパクトを感じる名前ながらも、実際はイタリアの球技の名前。,リキュール,ビルド,甘口,ロング,オール,タンブラー,オレンジ,7%,"['さっぱり', '飲みやすい']",https://dm58o2i5oqos8.cloudfront.net/photos/106.jpg
106,https://cocktail-f.com/cocktails/107,モッキンバード,アメリカ南部に生息するメキシコの「ものまね鳥」という意味を持つ緑の色会い鮮やかなすっきりカクテル。テキーラの香りとライムの酸味が強いため、ミントリキュールが入ってるカクテルの中ではミントの主張は少なめ。,テキーラ,シェイク,中口,ショート,オール,カクテルグラス,緑,25%,['爽やか'],https://dm58o2i5oqos8.cloudfront.net/photos/107.jpg
107,https://cocktail-f.com/cocktails/108,シクラメン,シクラメンの花をイメージした、オレンジと赤のグラデーションが美しい日本生まれのカクテル。オレンジにレモンが効いた柑橘系の味わいで、テキーラは抑え気味にすると味が華やぐ。最後の一口はグレナデン・シロップの甘さでいっぱいの素敵な一杯。,テキーラ,シェイク,中甘口,ショート,オール,カクテルグラス,黄,25%,"['さっぱり', '美しい', '女性におすすめ']",https://dm58o2i5oqos8.cloudfront.net/photos/108.jpg
108,https://cocktail-f.com/cocktails/109,ケーブルグラム,レモン・ジュースとシュガー・シロップを加えてシェイクで仕上げたジンジャーハイボール。レモンの酸味が爽快でシェイクしてる分ウイスキーのアルコールも感じづらく飲みやすい一杯。,ウイスキー,シェイク,中甘口,ロング,オール,タンブラー,黄金色,13%,"['さっぱり', '爽やか', '飲みやすい', '料理に合う']",https://dm58o2i5oqos8.cloudfront.net/photos/InPreparation.png
109,https://cocktail-f.com/cocktails/110,ロブ・ロイ,マンハッタンのレシピからウイスキーにスコッチを指定したカクテル。18世紀のスコットランドにいたロバート・ロイ・マクレガーから名前がついたとされる。ビターズの苦味を感じながらもスコッチとスイートベルモットの香り高い一杯。,ウイスキー,ステア,中辛口,ショート,食前,カクテルグラス,黄金色,34%,"['強い', 'エレガント']",https://dm58o2i5oqos8.cloudfront.net/photos/110.jpg
110,https://cocktail-f.com/cocktails/111,ガルフストリーム,メキシコ湾流という意味を持つ、青が鮮やかでトロピカルなカクテル。材料が見事なバランスで調和しており、一口飲むたびにそれぞれの材料の味を感じることができる。飲みやすい割に度数は高めなので注意。,ウォッカ,シェイク,中甘口,ロング,オール,オールドファッションドグラス,青,15%,"['さっぱり', '飲みやすい', 'トロピカル']",https://dm58o2i5oqos8.cloudfront.net/photos/111.jpg
111,https://cocktail-f.com/cocktails/112,カシス・オレンジ,居酒屋でも一般的となったカクテルで、家でも簡単に作ることができる。ビールやハイボールの味に飽きてしまった飲み会の最後の強い味方。カシス・リキュールが沈殿するので、層に分けてきれいな見た目を楽しむことができる。,リキュール,ビルド,甘口,ロング,オール,タンブラー,茶色,5%,"['スタンダード', 'シンプル', '飲みやすい']",https://dm58o2i5oqos8.cloudfront.net/photos/InPreparation.png
112,https://cocktail-f.com/cocktails/113,カシス・ミルク,カシスの酸味が牛乳のまろやかさとマッチした非常に飲みやすい一杯。まるでアルコールを感じないのでお酒の味が苦手な人でも飲める上、材料もシンプルなため家で簡単に作れる。,リキュール,ビルド,甘口,ロング,オール,タンブラー,ピンク,5%,"['シンプル', 'まろやか', '飲みやすい']",https://dm58o2i5oqos8.cloudfront.net/photos/InPreparation.png
113,https://cocktail-f.com/cocktails/114,ファジー・ネーブル,桃とオレンジによる甘みと酸味のバランスが見事で1980年代にアメリカで流行したカクテル。度数も低めで甘くて飲みやすく、材料もシンプルで作りやすい。,リキュール,ビルド,甘口,ロング,オール,タンブラー,オレンジ,5%,"['スタンダード', 'さっぱり', '飲みやすい']",https://dm58o2i5oqos8.cloudfront.net/photos/InPreparation.png
114,https://cocktail-f.com/cocktails/115,チャロ・ネロ,テキーラをコーラで割っただけのシンプルなカクテル。テキーラの香り感じながらコーラでさっぱりと飲むことができるテキーラの本場メキシコでも人気で手軽な一杯。,テキーラ,ビルド,中口,ロング,オール,タンブラー,茶色,10%,"['シンプル', 'さっぱり']",https://dm58o2i5oqos8.cloudfront.net/photos/InPreparation.png
115,https://cocktail-f.com/cocktails/116,アップル・パイ,スイート・ベルモットの香りと味にかすかにアプリコットの香りを感じられる一杯。名前通り、りんごの味がする…というわけではなく、ベルモットが主役でアルコールを強く感じられる。,ラム,シェイク,中口,ショート,オール,カクテルグラス,ピンク,32%,['強い'],https://dm58o2i5oqos8.cloudfront.net/photos/116.jpg
116,https://cocktail-f.com/cocktails/117,ホワイト・ウィッチ,レモン、ライム、ホワイト・キュラソーの柑橘の酸味と香りが、カカオリキュールの甘みと絶妙なバランスを取っているカクテル。炭酸水とミントで爽やかさも追加され非常に飲みやすい一杯で、この魔女からは邪悪さを感じない。,ラム,シェイク,中口,ロング,オール,タンブラー,白,9%,['爽やか'],https://dm58o2i5oqos8.cloudfront.net/photos/117.jpg
117,https://cocktail-f.com/cocktails/118,B-52,材料の重さの比重で層を作るプースカフェスタイルのカクテル。アメリカの爆撃機B-52から名前を付けられており、その名前に負けず火をつけた状態で提供されることもある。飲むときは十分に注意すること。【火を付けた場合の飲み方】ストローを用意し、素早くストローをグラスの底まで入れ、すぐにすべてをストローで吸い込む。ストローをゆっくり入れてしまうと火で溶けてしまうので、とにかく素早く行うこと。,リキュール,ビルド,中甘口,ショート,オール,ショットグラス,複数色,30%,"['強い', '楽しい']",https://dm58o2i5oqos8.cloudfront.net/photos/118.jpg
118,https://cocktail-f.com/cocktails/119,ランチ・ボックス,アマレットにオレンジ・ジュースという甘みの強い組み合わせをビールの苦味とのどごしで割った非常に飲みやすいカクテル。普通のビールよりもオレンジ色が強く出ており、泡の部分の白との組み合わせが美しい。,ビール,ビルド,中甘口,ロング,オール,ピルスナーグラス,オレンジ,6%,"['まろやか', '飲みやすい', '美しい']",https://dm58o2i5oqos8.cloudfront.net/photos/119.jpg
119,https://cocktail-f.com/cocktails/120,オールド・ファッションド,19世紀半ばにケンタッキー・ダービーの開催地のバーで考案されたと言われる歴史の長いカクテル。中に沈んだ角砂糖や添えてあるフルーツを飲む人が自分で潰しながら味を調整することができるため味の幅も広い。使うお酒は基本はバーボンとされるが、それ以外を使っても良い。,ウイスキー,ビルド,中辛口,ロング,オール,オールドファッションドグラス,茶色,31%,"['スタンダード', '楽しい', '歴史ある']",https://dm58o2i5oqos8.cloudfront.net/photos/120.jpg
120,https://cocktail-f.com/cocktails/121,チャーリー・チャップリン,アプリコットとスロー・ジンの材料であるスモモの甘みと酸味に更にレモンを加えたやや酸味の強いカクテル。チャップリンの往年の名作を鑑賞しながら一杯というのも良いのではないだろうか。,リキュール,シェイク,中甘口,ロング,オール,オールドファッションドグラス,赤,17%,"['映画', 'さっぱり', '酸っぱい']",https://dm58o2i5oqos8.cloudfront.net/photos/121.jpg
121,https://cocktail-f.com/cocktails/122,キス・オブ・ファイアー,第5回オールジャパンドリンクスコンクールで優勝した石橋賢二氏の作品。ジャズのタイトルから生まれたこのカクテルは、ベリーの甘さとベルモットの香りが溶け合う、渋く落ち着いた印象の大人の一杯。,ウォッカ,シェイク,中口,ショート,オール,カクテルグラス,赤,26%,['エレガント'],https://dm58o2i5oqos8.cloudfront.net/photos/122.jpg
122,https://cocktail-f.com/cocktails/123,スロー・ジン・カクテル,スロー・ジンの甘酸っぱさが前面に出ており、ステアで仕上げている分材料のとろみのある濃い味を感じられる。レモンピールの香りがアクセント。ショートカクテルの中では度数は抑えめで飲みやすい一杯。,リキュール,ステア,中甘口,ショート,オール,カクテルグラス,茶色,21%,['飲みやすい'],https://dm58o2i5oqos8.cloudfront.net/photos/123.jpg
123,https://cocktail-f.com/cocktails/124,メランコリー・ベビー,メロン・リキュールの甘さをライムの酸味が引き締めており、それぞれの相性の良さが際立つデザートカクテル。メランコリーとは憂鬱やうつ病を表す言葉で、黄緑色の美しい色あいながらもどこか毒々しい見た目にマッチしている。,リキュール,ビルド,中甘口,ロング,食後,オールドファッションドグラス,緑,23%,"['シンプル', '美しい']",https://dm58o2i5oqos8.cloudfront.net/photos/124.jpg
124,https://cocktail-f.com/cocktails/125,カカオ・フィズ,カカオ特有の香りとレモンの酸味に加えてソーダでさっぱり仕上げることで、アルコールの苦味をほとんど感じることない飲みやすいカクテル。度数は8%とカクテルの中では低めだが、お酒に弱い人は勢い余って飲みすぎないように注意しよう。,リキュール,シェイク,甘口,ロング,オール,タンブラー,茶色,8%,"['さっぱり', '飲みやすい']",https://dm58o2i5oqos8.cloudfront.net/photos/125.jpg
125,https://cocktail-f.com/cocktails/126,ドッグズ・ノーズ,ビールにジンを加えたやや辛口で度数高めのビアカクテル。日本のピルスナービールで作成すると、のどごしがあるにも関わらずジンのピリっとした味わいを楽しむことができる。甘みが一切ないのでかなり大人向けの味。,ビール,ビルド,中辛口,ロング,オール,ピルスナーグラス,黄金色,12%,"['シンプル', '強い']",https://dm58o2i5oqos8.cloudfront.net/photos/126.jpg
126,https://cocktail-f.com/cocktails/127,ミリオン・ダラー,大正時代に横浜グランドホテルのルイス・エッピンガー氏の作品。卵白が入っているため口当たりは非常になめらかで、ジンの苦味とパイナップルの甘みを強く感じることができる。バランス良く仕上げる事が難しいので納得のいくレシピを見つけ出そう。,ジン,シェイク,中口,ショート,オール,シャンパングラス,赤,20%,"['まろやか', '歴史ある']",https://dm58o2i5oqos8.cloudfront.net/photos/127.jpg
127,https://cocktail-f.com/cocktails/128,チャーチル,第2次世界大戦中の英国首相、ウィンストン・チャーチルに敬意を払って作られたと言われるカクテル。チャーチル首相の大胆なイメージと異なり、味自体はウイスキーの爽やかな香りに甘みと酸味が加わった上品な味わい。,ウイスキー,シェイク,中口,ショート,オール,カクテルグラス,黄,29%,"['さっぱり', '爽やか']",https://dm58o2i5oqos8.cloudfront.net/photos/128.jpg
128,https://cocktail-f.com/cocktails/129,エンジェル・キッス,カカオリキュールの濃厚な甘みに生クリームの濃厚さをさらに加えたTHEデザートカクテルな味わい。生クリームの甘みとまろやかさの後にチョコレートの香りと甘み、最後にアルコールを感じられる。度数は決して低くはないのでゆっくりと楽しもう。天使の口づけは甘いだけではない。,リキュール,ビルド,甘口,ショート,食後,リキュールグラス,茶色,18%,"['シンプル', 'まろやか', '濃厚']",https://dm58o2i5oqos8.cloudfront.net/photos/129.jpg
129,https://cocktail-f.com/cocktails/130,フィフス・アヴェニュー,ニューヨークの高級通りである五番街の意味を持つプース・カフェースタイルのカクテル。カカオリキュール、アプリコット・ブランデー、生クリームによる甘口で濃厚な味わいを楽しむことができ、名前に負けないリッチな味わい。,リキュール,ビルド,甘口,ロング,食後,ショットグラス,複数色,16%,"['濃厚', 'プース・カフェ']",https://dm58o2i5oqos8.cloudfront.net/photos/130.jpg
130,https://cocktail-f.com/cocktails/131,ピニャ・カラーダ,パイナップルとココナッツミルクを使い、更にグラスにフルーツを飾り付けたまさにトロピカルカクテルと言える一杯。かつてニューヨークで大流行したカクテルで、見た目も派手で美しい。クラッシュドアイスを使わずにフローズン・スタイルで提供するレシピもある。,ラム,シェイク,甘口,ロング,オール,ゴブレット,黄,9%,"['飲みやすい', 'トロピカル']",https://dm58o2i5oqos8.cloudfront.net/photos/131.jpg
131,https://cocktail-f.com/cocktails/132,カーディナル,カシス・リキュールが赤ワインを甘口で濃厚な飲み口の良いカクテルに変え、普段ワインをあまり飲めない人でも比較的飲みやすい。カーディナルとは「枢機卿」という意味で、カクテルの深紅の色合いがカトリックの高位聖職者のケープに見立てられている。,ワイン,ビルド,中甘口,ロング,オール,タンブラー,赤,15%,"['シンプル', 'まろやか', 'エレガント']",https://dm58o2i5oqos8.cloudfront.net/photos/InPreparation.png
132,https://cocktail-f.com/cocktails/133,キティ,ジンジャー・エールでさっぱりと甘口に飲みやすく仕上がったワインベースのカクテル。名前の由来はキティちゃんと同じく子猫という意味で、子猫が飲めるほど飲みやすいという意味が込められている。キティさんでしょ？,ワイン,ビルド,中甘口,ロング,オール,タンブラー,赤,8%,"['シンプル', 'さっぱり', '飲みやすい']",https://dm58o2i5oqos8.cloudfront.net/photos/InPreparation.png
133,https://cocktail-f.com/cocktails/134,アメリカン・レモネード,レモネードの名前の通り、酸味が非常に強くレモンが主人公のカクテルでワインの香りがアクセントとなっている。度数が低めのため飲みやすく、ワインを浮かべて層がレモネードと溶け合う様子が美しいため女性にも人気が高い。,ワイン,ビルド,中口,ロング,オール,タンブラー,赤,3%,"['さっぱり', '爽やか', '酸っぱい', '飲みやすい']",https://dm58o2i5oqos8.cloudfront.net/photos/134.jpg
134,https://cocktail-f.com/cocktails/135,ギャツビー,アマレットチョコレートが香り、生クリームが多めの非常に甘口で濃厚なカクテル。ショートカクテルの中では度数が低めで飲みやすく、デザートとして最後に楽しめる。,リキュール,シェイク,甘口,ショート,食後,カクテルグラス,白,13%,"['濃厚', '飲みやすい']",https://dm58o2i5oqos8.cloudfront.net/photos/135.jpg
135,https://cocktail-f.com/cocktails/136,プランターズ・カクテル,プランターズとは南国の農園の主人や農民のことを表す。オレンジとレモンの柑橘の酸味をラムの甘みでまとめてあり、柑橘のさっぱりとした味わいで喉を潤してくれる。柑橘がメインなのでぜひ生搾りのフレッシュジュースを使いたい。,ラム,シェイク,中口,ショート,オール,カクテルグラス,黄,20%,"['さっぱり', '酸っぱい']",https://dm58o2i5oqos8.cloudfront.net/photos/136.jpg
136,https://cocktail-f.com/cocktails/137,ルシアン,ウォッカとジンをカカオリキュールで割った、アルコールのみの強いカクテル。ただし、カカオリキュールの甘みがウォッカとジンを巧みに飲みやすく変えており、レディ・キラーカクテルとしても有名。うっかり飲みすぎないように注意しよう。,ウォッカ,シェイク,中辛口,ショート,オール,カクテルグラス,茶色,37%,"['スタンダード', '強い', '飲みやすい']",https://dm58o2i5oqos8.cloudfront.net/photos/137.jpg
137,https://cocktail-f.com/cocktails/138,オリエンタル,かつてフィリピンで熱病にかかったアメリカ人エンジニアが、治療をしてくれた医師に贈ったと言われるカクテル。ウイスキーの落ち着いた香りにベルモットや柑橘の酸味が加わり非常にバランスの取れた味わい。,ウイスキー,シェイク,中口,ショート,オール,カクテルグラス,オレンジ,29%,"['さっぱり', '飲みやすい', '女性におすすめ']",https://dm58o2i5oqos8.cloudfront.net/photos/138.jpg
138,https://cocktail-f.com/cocktails/139,シャンパン・ブルース,1890年代に生まれた歴史のあるカクテルの一つで、ブルーキュラソーの甘みをシャンパンの酸味がバランス良く、さらに炭酸が爽快感を与えてくれる飽きのこない味わい。ブルーの中でシャンパンの泡が浮かぶ様子が美しい。,ワイン,ビルド,中甘口,ロング,食前,シャンパングラス,青,14%,"['シンプル', 'さっぱり', '爽やか', '歴史ある']",https://dm58o2i5oqos8.cloudfront.net/photos/139.jpg
139,https://cocktail-f.com/cocktails/140,ロンドンの魔女,2000年のビーフィーターカクテルコンペティションのグランプリ作品。フランボワーズとジンジャーワインの甘酸っぱさをジンがキリッとまとめ上げている。飾りに一手間かけて夜空を舞う魔女のイメージを完成させよう。,ジン,シェイク,中甘口,ショート,オール,カクテルグラス,赤,23%,"['酸っぱい', '美しい']",https://dm58o2i5oqos8.cloudfront.net/photos/140.jpg
140,https://cocktail-f.com/cocktails/141,カルーア・ベリー,カルーア・ミルクに木苺のリキュールを加えたバージョン。イチゴミルクから想像できるように木苺のリキュールと牛乳の組み合わせは抜群で、甘酸っぱく非常に飲みやすいカクテル。カルーア・ミルクに少し変化を付けたいときにおすすめの一杯。,リキュール,ビルド,甘口,ロング,食後,タンブラー,ピンク,5%,"['まろやか', '飲みやすい', '女性におすすめ']",https://dm58o2i5oqos8.cloudfront.net/photos/141.jpg
141,https://cocktail-f.com/cocktails/142,ジン・ソニック,トニックに加え、ソーダも入れることでで甘みが少なくスッキリとした味わいのジン・トニック。甘みが少ないため、料理にも合わせやすい。ソーダ＋トニックが合わさってソニックという名前になった。,ジン,ビルド,中辛口,ロング,オール,タンブラー,透明,16%,"['スタンダード', 'さっぱり', '料理に合う']",https://dm58o2i5oqos8.cloudfront.net/photos/142.jpg
142,https://cocktail-f.com/cocktails/143,ミドリ・イリュージョン,鮮やかな緑が美しい、メロンとパイナップルの甘みに加えてレモンの酸味が効いた飲みやすい一杯。サントリーの公式ページで紹介されているように、パーティー等のにぎやかな場所で飲むのにうってつけ。ミドリがオーストラリアでブレイクするきっかけとなったカクテル。,リキュール,シェイク,甘口,ロング,オール,タンブラー,緑,5%,"['さっぱり', '酸っぱい', '美しい', 'トロピカル']",https://dm58o2i5oqos8.cloudfront.net/photos/143.jpg
143,https://cocktail-f.com/cocktails/144,マリブ・ミルク,ココナッツリキュールを牛乳で割っただけのシンプルなカクテル。ココナッツの香りにと牛乳が優しく溶け合う度数も低めで飲みやすい一杯。牛乳をホットにしても楽しめる。,リキュール,ビルド,甘口,ロング,食後,オールドファッションドグラス,白,5%,"['スタンダード', 'シンプル', 'まろやか', '飲みやすい']",https://dm58o2i5oqos8.cloudfront.net/photos/144.jpg
144,https://cocktail-f.com/cocktails/145,ネグローニ,イタリアのカミーロ・ネグローニ伯爵が愛飲していたという食前酒。カンパリの苦味と甘味にスイート・ベルモットの甘みが更に加わり、最初は苦いのにあとからふわっと甘みを感じる少し不思議なカクテル。,ジン,ビルド,中口,ロング,食前,オールドファッションドグラス,赤,30%,"['スタンダード', 'エレガント', '歴史ある', '男らしい']",https://dm58o2i5oqos8.cloudfront.net/photos/145.jpg
145,https://cocktail-f.com/cocktails/146,柚子ジン・トニック,柚子を加えたジン・トニックで、柚子の香りと酸味が爽やか。普段飲んでいるジン・トニックに一捻り加えたい場合におすすめのカクテル。和のテイストでまとめるために日本のクラフト・ジンを使うと相性が良い。,ジン,ビルド,中口,ロング,オール,タンブラー,白,%,"['さっぱり', '爽やか']",https://dm58o2i5oqos8.cloudfront.net/photos/146.jpg
146,https://cocktail-f.com/cocktails/147,オリンピック,ブランデーの香りとオレンジ・キュラソーが互いに引き立ち非常に香り高い一杯になっている。1900年のパリオリンピックの記念にできたと言われる歴史あるカクテルで、スポーツの紳士・淑女の立ち居振る舞いを連想させるようなエレガントで落ち着いたイメージを感じられる。,ブランデー,シェイク,中甘口,ショート,オール,カクテルグラス,オレンジ,25%,"['エレガント', '歴史ある']",https://dm58o2i5oqos8.cloudfront.net/photos/147.jpg
147,https://cocktail-f.com/cocktails/148,シャーリー・テンプル,グレナデン・シロップがジンジャー・エールの癖を取り除いき甘く飲みやすいノンアルコールカクテル。レモン・ピールを添えることで飲む際にレモンの香りが爽やかに感じられる。由来としてはアメリカで家族でお店に訪れた際に子供でも飲めるカクテルということで作られ、名前も当時の子役からとったと言われる。,なし,ビルド,甘口,ロング,オール,タンブラー,赤,0%(ノンアルコール),"['さっぱり', '爽やか', '歴史ある']",https://dm58o2i5oqos8.cloudfront.net/photos/148.jpg
148,https://cocktail-f.com/cocktails/149,アフター・ディナー,アプリコットとオレンジの味と香りに、ライムの酸味がアクセントとなった食後向けのカクテル。食後向けとはいえ、度数も高めで甘さも控えめなのでシメをキリッと仕上げたい人向け。,リキュール,シェイク,中甘口,ショート,食後,カクテルグラス,オレンジ,29%,['爽やか'],https://dm58o2i5oqos8.cloudfront.net/photos/149.jpg
149,https://cocktail-f.com/cocktails/150,ブルー・マンデー,会社員共通の悩み、休み明けの月曜日。そんな憂鬱でブルーな状態を表した画期的なカクテル。色合いこそはブルーだが、味わいはオレンジの香りが口いっぱいに広がる爽やかな味わい。度数が高めのカクテルなので、名前に合わせて日曜日の夜飲むと月曜日の朝が本当にブルーになりかねないので注意。,ウォッカ,シェイク,中口,ショート,オール,カクテルグラス,青,37%,"['爽やか', '強い', '美しい']",https://dm58o2i5oqos8.cloudfront.net/photos/150.jpg
150,https://cocktail-f.com/cocktails/151,エメラルド・クーラー,ミントの香りにレモンの酸味が加わりさらに炭酸水が加わることでアルコール臭さが減り、とにかく爽やかで飲みやすいカクテルになっている。また、エメラルドグリーンの色が美しくマラスキーノ・チェリーの赤も映えている。,ジン,シェイク,中甘口,ロング,オール,コリンズグラス,緑,8%,"['爽やか', '飲みやすい', '美しい']",https://dm58o2i5oqos8.cloudfront.net/photos/151.jpg
151,https://cocktail-f.com/cocktails/152,ジン・ライム,ジンをライム・ジュースで割ったオンザロックのシンプルなカクテルで、ジンの鋭い味わいがダイレクトに伝わってくる。氷が溶けるにつれて味わいが丸くなるのも楽しい。同じ材料でシェイクするギムレットとよく比較され、こちらはシェイクしていない分ジンの特徴が表に出やすい。,ジン,ビルド,辛口,ロング,オール,オールドファッションドグラス,透明,32%,"['スタンダード', 'シンプル', 'キレがある']",https://dm58o2i5oqos8.cloudfront.net/photos/152.jpg
152,https://cocktail-f.com/cocktails/153,スロー・テキーラ,テキーラにスロー・ジンの甘み、レモンの酸味が合わさった一杯。テキーラ・ベースのカクテルの中でも人気が高く、テキーラ特有の癖がまろやかになり飲みやすい。,テキーラ,シェイク,中口,ロング,オール,オールドファッションドグラス,ピンク,27%,"['さっぱり', '酸っぱい']",https://dm58o2i5oqos8.cloudfront.net/photos/153.jpg
153,https://cocktail-f.com/cocktails/154,メロン・フィズ,メロン・リキュールの甘みの中にレモンの酸味があるさっぱりとした甘口カクテル。酸味こそあるが、見た目の緑と甘さでアルコール入りのメロンソーダのような味わい。非常に飲みやすくアルコール度数も控えめなので、ノンアルコールではないけれど見た目に綺麗なカクテルを飲みたいときに。,リキュール,シェイク,甘口,ロング,オール,コリンズグラス,緑,7%,"['さっぱり', '飲みやすい']",https://dm58o2i5oqos8.cloudfront.net/photos/154.jpg
154,https://cocktail-f.com/cocktails/155,ツァリーヌ,ロシアの女帝を意味するカクテルで、アプリコットとベルモットの甘い香りが立ち、ビターズの苦味がピリッと効いた非常に上品な味わい。見た目も黄金色で非常に美しいがアルコールのみでできているため、上品ながら非常に強く、さすがのロシアの女帝と思わせる。,ウォッカ,シェイク,中辛口,ショート,オール,カクテルグラス,黄金色,31%,"['キレがある', '強い', 'エレガント']",https://dm58o2i5oqos8.cloudfront.net/photos/155.jpg
155,https://cocktail-f.com/cocktails/156,ケンタッキー,バーボンの力強い穀物の香りにパイナップルがふわりと香る、強いながらも優しさを感じる一杯。鮮やかなオレンジ色ながらも甘みは以外に少ない。名前の由来はまさにバーボン発祥の地のケンタッキーで、THEバーボンカクテルと言える。,ウイスキー,シェイク,中辛口,ショート,オール,カクテルグラス,黄金色,27%,"['シンプル', 'キレがある']",https://dm58o2i5oqos8.cloudfront.net/photos/156.jpg
156,https://cocktail-f.com/cocktails/157,ハイランド・クーラー,スコッチ・ウイスキーの生産地の一つ、スコットランドのハイランド地方にちなんで名前がつけられたカクテル。ウイスキーのコクのある味わいにレモンとジンジャーエールの酸味と爽快感がマッチしている。,ウイスキー,シェイク,中甘口,ロング,オール,コリンズグラス,黄金色,10%,"['さっぱり', '爽やか']",https://dm58o2i5oqos8.cloudfront.net/photos/157.jpg
157,https://cocktail-f.com/cocktails/158,ワード・エイト,アメリカ、ボストンを8区に分けた区政開始記念にその地のロックオーバーというレストランで作られたと言われる歴史あるカクテル。オレンジとレモンの酸味が効いたさっぱりとしたカクテルで、バーボンの癖をうまく消して飲みやすい仕上がり。グレナデン・シロップの分量でオレンジから赤の色合いになる。,ウイスキー,シェイク,中甘口,ショート,オール,カクテルグラス,赤,19%,"['さっぱり', '酸っぱい', '歴史ある']",https://dm58o2i5oqos8.cloudfront.net/photos/158.jpg
158,https://cocktail-f.com/cocktails/159,フロリダ,オレンジにレモンの酸っぱさが加わった甘酸っぱいノンアルコールカクテル。ビターズが少量入るため、完全なノンアルコールではないが数滴香り付けに使う程度なのでアルコールは感じない。お酒は飲めないけれど、夏にオシャレなショートタイプのカクテルを味わいたいときに最適。,なし,シェイク,甘口,ショート,オール,カクテルグラス,オレンジ,0%(ノンアルコール),['さっぱり'],https://dm58o2i5oqos8.cloudfront.net/photos/159.jpg
159,https://cocktail-f.com/cocktails/160,サンセット・ピーチ,最初はピーチネクターの甘みを感じるが、後味は烏龍茶によるスッキリとした味わいのノンアルコールカクテル。ピーチネクターと烏龍茶の相性の良さに気づくことができる。テキーラ・サンライズのように、グレナデン・シロップの赤色でグラデーションを作り夕日を表している。,なし,ビルド,甘口,ロング,オール,コリンズグラス,オレンジ,0%(ノンアルコール),"['さっぱり', '美しい']",https://dm58o2i5oqos8.cloudfront.net/photos/160.jpg
160,https://cocktail-f.com/cocktails/161,アンファジー・ネーブル,ピーチ・リキュールの代わりにピーチネクターを使ったノンアルコールのファジー・ネーブル。ピーチネクターとオレンジジュースがバランス良く、それぞれの尖った特徴をまろやかにしている。極めて甘口。,なし,ビルド,甘口,ロング,オール,タンブラー,オレンジ,0%(ノンアルコール),['まろやか'],https://dm58o2i5oqos8.cloudfront.net/photos/161.jpg
161,https://cocktail-f.com/cocktails/162,ウイスキー・マック,イギリスでは定番とされる男性に人気のカクテル。ウイスキーのどっしりとした味わいに、ジンジャー・ワインの柔らかな甘さを楽しむことができる。ジンジャー・ワインもイギリス生まれのため、ウイスキーもスコッチを使用すると統一感が出る。,ウイスキー,ビルド,中口,ロング,オール,オールドファッションドグラス,黄金色,31%,"['シンプル', 'キレがある', '男らしい']",https://dm58o2i5oqos8.cloudfront.net/photos/162.jpg
162,https://cocktail-f.com/cocktails/163,十六夜,十六夜（いざよい）と読む、グレープフルーツの酸味と苦味をトニックウォーターがさっぱり飲みやすくまとめているノンアルコールカクテル。十六夜とは旧暦の16日目の夜またはその日の月を表しており、グラスの中に月が浮かぶ様子を表したと言われる。ピンクグレープフルーツを使うとピンクになり、やや禍々しい月になる。,なし,ビルド,甘口,ロング,オール,タンブラー,ピンク,0%(ノンアルコール),"['さっぱり', '飲みやすい']",https://dm58o2i5oqos8.cloudfront.net/photos/163.jpg
163,https://cocktail-f.com/cocktails/164,サムライ,柑橘の酸味が効いた日本酒ベースのカクテル。日本酒特有の麹の香りはかすかにするが、柑橘の香りと酸味でかなり覆い隠されており、一見ベースが日本酒ということも気づかないかもしれない。とはいえ日本酒特有のキレは残っており、刀のように鋭い味わい。,日本酒,シェイク,中辛口,ショート,オール,カクテルグラス,白,11%,"['さっぱり', 'キレがある', '酸っぱい']",https://dm58o2i5oqos8.cloudfront.net/photos/164.jpg
164,https://cocktail-f.com/cocktails/165,悪魔のささやき,飲み物部分はストロベリーリキュールの甘みをレモン・ジュースが引き締め、炭酸水が弾けるシンプルで飲みやすい味わい。だが、その上に生クリームとアイスクリームが加わることで非常に甘く、まろやかなカロリーの高いカクテルになる。悪魔の囁きは非常に甘く美しい。誘惑を受け入れ一度飲んでみてはいかが。,リキュール,シェイク,甘口,ロング,食後,タンブラー,ピンク,3%,"['まろやか', '飲みやすい']",https://dm58o2i5oqos8.cloudfront.net/photos/165.jpg
165,https://cocktail-f.com/cocktails/166,マリリン・モンロー,誰もが知るマリリン・モンローをイメージしたカクテル。赤く美しい見た目だが、ウォッカは強く、カンパリは苦く、スイート・ベルモットは独特の香りを残している上、ステアでお酒の個性が残っているため、非常に癖のある一杯となっている。,ウォッカ,ステア,中口,ショート,食前,カクテルグラス,赤,35%,"['映画', '強い', '美しい']",https://dm58o2i5oqos8.cloudfront.net/photos/166.jpg
166,https://cocktail-f.com/cocktails/167,ピンク・ジン,アンゴスチュラ・ビターズで香り付けしたほぼストレートのドライ・ジン。とにかく度数が強く、癖のあるジンとアンゴスチュラ・ビターズが組み合わさったとても万人向けではないカクテルだが、ジンが好きな人にはたまらない一杯となりうる。,ジン,ビルド,辛口,ショート,食前,リキュールグラス,黄金色,47%,"['シンプル', '強い']",https://dm58o2i5oqos8.cloudfront.net/photos/167.jpg
167,https://cocktail-f.com/cocktails/168,キング・アルフォンソ,カカオリキュールに生クリームを浮かべただけのシンプルなカクテルで、その濃厚な甘みが特徴なデザートカクテル。名前の由来はスペイン国王のアルフォンソ13世とされる。甘いとはいえ度数はそれなりにあるため、ゆっくりと時間をかけてカカオと生クリームの溶け合う味わいを楽しもう。,リキュール,ビルド,甘口,ロング,食後,リキュールグラス,黒,18%,"['シンプル', 'まろやか', '濃厚', 'プース・カフェ']",https://dm58o2i5oqos8.cloudfront.net/photos/168.jpg
168,https://cocktail-f.com/cocktails/169,チチ,ココナッツミルクがなめらかなトロピカルカクテル。チチの語源はフランス語で「粋な」「スタイリッシュな」という意味を持つ俗語。パイナップルやオレンジのフルーツを飾りとしてグラスを賑やかに彩ると映える。,ウォッカ,シェイク,甘口,ロング,オール,ゴブレット,白,8%,"['飲みやすい', 'トロピカル']",https://dm58o2i5oqos8.cloudfront.net/photos/169.jpg
169,https://cocktail-f.com/cocktails/170,ロード・ランナー,ココナッツミルクのまろやかさの中にアマレットの香りとウォッカの辛味が効いた甘さ控えめのデザートカクテル。デザートとはいえどっしりとした口当たりのため、男性にもおすすめ。1976年のカクテルコンペティションにおける優勝作品。,ウォッカ,シェイク,中甘口,ショート,食後,カクテルグラス,白,26%,['まろやか'],https://dm58o2i5oqos8.cloudfront.net/photos/170.jpg
170,https://cocktail-f.com/cocktails/171,ズーム・カクテル,ブランデーの香りに蜂蜜特有の癖が非常にマッチしている甘く飲みやすいデザートカクテル。蜂蜜と生クリームが入っているので、シェイクは通常より多めに行いたい。ちなみにズームとはハチの飛ぶ音を表しており、日本人としてはブーンカクテル。,ブランデー,シェイク,甘口,ショート,食後,カクテルグラス,白,20%,"['まろやか', '濃厚']",https://dm58o2i5oqos8.cloudfront.net/photos/171.jpg
171,https://cocktail-f.com/cocktails/172,アイリッシュ・ローズ,ネーミングの通り薔薇を思わせる赤が美しいカクテル。癖の少ないアイリッシュ・ウィスキーにレモンの酸味とグレナデン・シロップの甘みが加わった、甘酸っぱく癖のない飲みやすい味わい。見た目の美しさとあわさり女性にもおすすめ。,ウイスキー,シェイク,中口,ショート,オール,カクテルグラス,赤,28%,"['さっぱり', '酸っぱい', '美しい', '女性におすすめ']",https://dm58o2i5oqos8.cloudfront.net/photos/172.jpg
172,https://cocktail-f.com/cocktails/173,ネバダ,アメリカ砂漠地帯であるネバダ州をモチーフにしたカクテル。ライムとグレープフルーツの柑橘のジューシーさとアンゴスチュラ・ビターズの香りがマッチしたフレッシュな一杯に仕上がっている。,ラム,シェイク,中辛口,ショート,オール,カクテルグラス,オレンジ,25%,['爽やか'],https://dm58o2i5oqos8.cloudfront.net/photos/173.jpg
173,https://cocktail-f.com/cocktails/174,ストロベリー・マティーニ,生のいちごを使用したフレッシュカクテル。いちごの甘みと酸味の後からジン特有の香りと味をふわっと感じることができる。注ぐ際は潰した果実もグラスに入るようにすると、いちごの食感も楽しめる。,ジン,シェイク,中甘口,ショート,オール,カクテルグラス,赤,13%,['さっぱり'],https://dm58o2i5oqos8.cloudfront.net/photos/174.jpg
174,https://cocktail-f.com/cocktails/175,アイス・ブレーカー,テキーラにオレンジの皮の香りとグレープフルーツの苦味が効いた一杯で、ジューシーかつグレナデン・シロップによる甘みも強い。アイス・ブレーカーは海の上の氷を壊しながら進む砕氷船だが、関係を砕いて打ち解けるとか、穏やかにするという意味がある。,テキーラ,シェイク,中甘口,ロング,オール,タンブラー,赤,22%,['さっぱり'],https://dm58o2i5oqos8.cloudfront.net/photos/175.jpg
175,https://cocktail-f.com/cocktails/176,ピーチ・ブロッサム,桃の甘みと香りが口いっぱいに広がる甘口のカクテル。度数も高くないためお酒の味に慣れていない人でも飲みやすい。最後に甘口のショートカクテルをという時におすすめの一杯。,リキュール,シェイク,甘口,ショート,オール,カクテルグラス,赤,9%,"['飲みやすい', '女性におすすめ']",https://dm58o2i5oqos8.cloudfront.net/photos/176.jpg
176,https://cocktail-f.com/cocktails/177,ブレイン・ヘモレージ,脳内出血という意味を持つユニークな見た目のカクテル。ベイリーズとピーチ・リキュールが混ざりあうと特有の凝固が発生するためこのような見た目になり、飲む際に独特の舌触りが生まれる。味わいはピーチの甘みとベイリーズのクリームが合わさった非常に濃厚で甘口。とても楽しく作れるカクテルなので一度作ってみてはいかが。,リキュール,ビルド,甘口,ロング,食後,リキュールグラス,複数色,18%,"['楽しい', 'プース・カフェ']",https://dm58o2i5oqos8.cloudfront.net/photos/177.jpg
177,https://cocktail-f.com/cocktails/178,バージン・メアリー,ノン・アルコール版のブラッディ・メアリー。材料のウスター・ソースは日本のウスター・ソースではなく、イギリス伝統のものを使うと良い。ソースでコクと深みが出て、さらに黒胡椒とタバスコで刺激が加わった、意識が覚醒するカクテル。,なし,ビルド,中口,ロング,オール,タンブラー,赤,0%(ノンアルコール),"['スタンダード', 'まろやか']",https://dm58o2i5oqos8.cloudfront.net/photos/178.jpg
178,https://cocktail-f.com/cocktails/179,雪国,1958年にサントリーのカクテルコンクールで一位になった井山計一氏の作品。柑橘の酸味に砂糖の甘味が広がるバランスの良い味わい。全体が寒色で統一され、縁には雪を連想するスノースタイルが施された、まさに名前通り雪国を思わせる美しいカクテル。,ウォッカ,シェイク,中辛口,ショート,オール,カクテルグラス,緑,30%,"['スタンダード', '美しい']",https://dm58o2i5oqos8.cloudfront.net/photos/179.jpg
179,https://cocktail-f.com/cocktails/180,グラン・マルニエ・マルガリータ,マルガリータの中でも、最高峰のオレンジ・キュラソーであるグラン・マルニエを使用した一杯。通常のマルガリータよりも、オレンジの香りが強く、甘みも若干強い。また少しオレンジがかり優しい色合いになっている。,テキーラ,シェイク,中口,ショート,オール,カクテルグラス,黄,30%,['エレガント'],https://dm58o2i5oqos8.cloudfront.net/photos/180.jpg
180,https://cocktail-f.com/cocktails/181,アレキサンダーズ・シスター,ミントリキュールと生クリームですっきり甘くまろやかながらも、ジンの鋭さが隠れるデザートカクテル。ブランデーベースのアレキサンダーというカクテルがあり、レシピが似ていることからアレキサンダーズ・シスターという名前がついた。薄緑色の色合いが美しく、女性に人気がある。,ジン,シェイク,甘口,ショート,食後,カクテルグラス,緑,23%,"['爽やか', 'まろやか', '美しい', '女性におすすめ']",https://dm58o2i5oqos8.cloudfront.net/photos/181.jpg
181,https://cocktail-f.com/cocktails/182,アレキサンダー,ブランデーのふくよかな香りにチョコレートの甘みが加わった上品で甘口のカクテル。ナツメグを振りかけることで特有のピリッとした味と香りがアクセントになる。イギリスの国王エドワード７世が王妃アレクサンドラに捧げたといわれる歴史あるカクテル。,ブランデー,シェイク,甘口,ショート,食後,カクテルグラス,茶色,26%,"['濃厚', '女性におすすめ']",https://dm58o2i5oqos8.cloudfront.net/photos/182.jpg
182,https://cocktail-f.com/cocktails/183,メアリー・ピックフォード,パイナップルの甘みと酸味の中にマラスキーノ特有の香りがふわっと感じられるバランスの良いカクテル。名前の由来はかつてのアメリカの恋人と呼ばれた映画女優で、カクテルもピンクの可愛らしい色合いと親しみやすい味わいで広く人気がある。,ラム,シェイク,中甘口,ショート,食後,カクテルグラス,ピンク,19%,"['映画', '女性におすすめ']",https://dm58o2i5oqos8.cloudfront.net/photos/183.jpg
183,https://cocktail-f.com/cocktails/184,セブンス・ヘヴンNo.2,マラスキーノの香りが前面に出た度数高めの大人向けカクテル。名前の由来はユダヤ・キリスト・イスラム教における天国の最高階位であり、死後そこにたどり着くと神に会えるとされる。ヨーロッパとアメリカでレシピが異なり、このNo2はアメリカ系。,ジン,シェイク,中口,ショート,オール,カクテルグラス,透明,40%,"['強い', '美しい']",https://dm58o2i5oqos8.cloudfront.net/photos/184.jpg
184,https://cocktail-f.com/cocktails/185,サラトガ,ブランデーとマラスキーノの果実の甘い香りと風味が立ち昇りあわさったところに、パイナップルジュースのかすかな酸味がすっきりとした後味となっているカクテル。なお、サラトガとはアメリカのニューヨーク州にある町の名前。,ブランデー,シェイク,中口,ショート,オール,カクテルグラス,オレンジ,31%,['エレガント'],https://dm58o2i5oqos8.cloudfront.net/photos/185.jpg
185,https://cocktail-f.com/cocktails/186,マミー・テーラー,スコッチ・ウイスキーにライムの酸味が加わり、さらにジンジャー・エールの爽快感が加わった飲み口軽やかなカクテル。1899年にニューヨークのブロードウェイで人気のあったオペラ歌手の名前からつけられたとされる。別名スコッチ・バックとも。,ウイスキー,ビルド,中口,ロング,オール,コリンズグラス,黄金色,11%,"['さっぱり', '爽やか', '飲みやすい', '料理に合う']",https://dm58o2i5oqos8.cloudfront.net/photos/186.jpg
186,https://cocktail-f.com/cocktails/187,シンデレラ,パイナップルの甘みを強めのレモンの酸味が全体を引き締めるノンアルコールカクテル。シェイクして作るTHEカクテルな見た目な上にノンアルコールなので、お酒が苦手な人や未成年でも楽しむことができる一杯。,なし,シェイク,中口,ショート,オール,カクテルグラス,オレンジ,0%(ノンアルコール),"['さっぱり', '酸っぱい']",https://dm58o2i5oqos8.cloudfront.net/photos/187.jpg
187,https://cocktail-f.com/cocktails/188,ミリオネーア,スロー・ジン・アプリコット・ライムの3つの甘みと酸味が絶妙なバランスで混ざりあった、ジューシーで香り高い贅沢な味わいのカクテル。大富豪を意味するカクテル名通りちょっとリッチな気分でグラスを傾けよう。,ラム,シェイク,中甘口,ショート,食後,カクテルグラス,赤,22%,"['さっぱり', 'エレガント']",https://dm58o2i5oqos8.cloudfront.net/photos/188.jpg
188,https://cocktail-f.com/cocktails/189,フレンチ・エメラルド,非常に美しいエメラルド色が輝く、フランスのコニャックを使ったカクテル。コニャックの香りにブルーキュラソーによるオレンジの甘み、そしてトニックの苦味と炭酸が弾ける。度数も高くなく何より見た目に映えるため女性にもおすすめ。,ブランデー,ビルド,中口,ロング,オール,コリンズグラス,緑,9%,"['さっぱり', '美しい', '女性におすすめ']",https://dm58o2i5oqos8.cloudfront.net/photos/189.jpg
189,https://cocktail-f.com/cocktails/190,レゲエ・パンチ,別名のピーチ・ウーロンのほうが一般的。レゲエ・パンチの名は仙台の国分町にあるクラブで命名され広まったとされる。ピーチ・リキュールの甘みと烏龍茶のスッキリとした後味を楽しむことができ、度数も低めのお手軽カクテル。,リキュール,ビルド,中甘口,ロング,オール,タンブラー,茶色,4%,"['スタンダード', 'シンプル', '飲みやすい']",https://dm58o2i5oqos8.cloudfront.net/photos/190.jpg
190,https://cocktail-f.com/cocktails/191,アロハ,オレンジの爽やかな香りにアンゴスチュラ・ビターズの複雑な味が奥深さを加え、レモンピールの香りがふわっと漂ってくる。ハワイの挨拶である「アロハ」からきており、日本人にも親しみ深い名前ではあるが、度数は高くかなり大人向けのカクテル。定番の観光地とはいえハワイでは浮かれないように。,ラム,シェイク,中辛口,ショート,食前,カクテルグラス,黄金色,40%,"['爽やか', '強い']",https://dm58o2i5oqos8.cloudfront.net/photos/191.jpg
191,https://cocktail-f.com/cocktails/192,ウィリー・スミス,マラスキーノの力強い香りと、ブランデーの奥行ある芳醇な香りが合わさった香り高いカクテル。また、ブランデーもマラスキーノも甘みが強めであるため、度数が高い割には甘口。かつてアメリカで活躍したアルトサックスの奏者が名前の由来。,ブランデー,シェイク,中口,ショート,オール,カクテルグラス,黄金色,32%,['エレガント'],https://dm58o2i5oqos8.cloudfront.net/photos/192.jpg
192,https://cocktail-f.com/cocktails/193,パーフェクト・グリーン,チョコレートと生クリームの甘くまろやかな味わいの中に、生のメロンのかすかなフレッシュさを感じる贅沢な味わいのカクテル。かすかに色づいた緑色も美しい。バリスタという漫画の中で出てくるレシピで一般的には知られていないため、バーでの注文には注意しよう。,ジン,シェイク,甘口,ショート,オール,カクテルグラス,緑,15%,"['まろやか', '美しい']",https://dm58o2i5oqos8.cloudfront.net/photos/193.jpg
193,https://cocktail-f.com/cocktails/194,ダーティー・マティーニ,オリーブが漬かっていた汁を利用した、オリーブの香りが前面に押し出されたマティーニ。塩味とオイル分があり、カクテルの中ではかなり特殊な味わい。オリーブの汁によって濁りがでていることから、ダーティーの名前がついている。,ジン,シェイク,辛口,ショート,食前,カクテルグラス,透明,43%,['強い'],https://dm58o2i5oqos8.cloudfront.net/photos/194.jpg
194,https://cocktail-f.com/cocktails/195,プリンセス・メアリー,1922年にイギリスのメアリー王女の結婚式記念に作られたカクテル。カカオの甘みと生クリームがまろやかで、ブランデーベースのアレキサンダーに似ているが、ジンを使っている分鋭い味わいになっている。可愛い名前の割にしっかりとした度数のお酒なので飲む時に注意しよう。,ジン,シェイク,甘口,ショート,食後,カクテルグラス,茶色,24%,"['まろやか', '濃厚']",https://dm58o2i5oqos8.cloudfront.net/photos/195.jpg
195,https://cocktail-f.com/cocktails/196,アメリカーノ,カンパリの苦味をスイート・ベルモットがほどよく抑え、炭酸でさっぱりと割った飲みやすい食前酒のカクテル。アメリカ人という意味のカクテル名ながらも、使用しているカンパリもスイート・ベルモットもイタリアのお酒。さらにレモン・ピールを絞ることで中身は完全にイタリア人。,リキュール,ビルド,中口,ロング,食前,オールドファッションドグラス,赤,15%,['さっぱり'],https://dm58o2i5oqos8.cloudfront.net/photos/196.jpg
196,https://cocktail-f.com/cocktails/197,ボイラー・メーカー,アメリカでボイラー建設していた労働者が手っ取り早く酔うためにビールにウイスキーを入れて飲んだのが由来とされるカクテル。ウイスキーの深みとビールの爽やかさがあわさり意外に飲みやすく、見た目に反して整った味わい。パーティー等で盛り上がるが、由来の通り度数と量が多く非常に酔いやすいので、調子に乗らないように。,ビール,ビルド,中辛口,ロング,オール,ピルスナーグラス,黄金色,9%,"['強い', '楽しい']",https://dm58o2i5oqos8.cloudfront.net/photos/197.jpg
197,https://cocktail-f.com/cocktails/198,ヴェルジーネ,アマレットの芳醇な甘さにカシスの酸味が加わったところに、オレンジ・ビターズの苦味がアクセントとなっている甘口のカクテル。いずれも主張が強い材料だが見事にまとまっている。1994年のサントリーカクテルコンペティションのリキュール部門で優勝した澤千絵子氏の作品。,リキュール,シェイク,甘口,ショート,オール,カクテルグラス,茶色,30%,['まろやか'],https://dm58o2i5oqos8.cloudfront.net/photos/198.jpg
198,https://cocktail-f.com/cocktails/199,カジノ,豊かなマラスキーノの香りにジンの辛味が効いた度数高めで強烈な一杯。僅かな量のマラスキーノであってもカクテル全体の味わいを大きく変えることがよくわかる。カジノの名前に負けない大人向けの一杯。,ジン,シェイク,中辛口,ショート,オール,カクテルグラス,黄,37%,"['キレがある', '強い']",https://dm58o2i5oqos8.cloudfront.net/photos/199.jpg
199,https://cocktail-f.com/cocktails/200,バーテンダー,デュボネとベルモットのふくよかな香りとジンの鋭い味わいがマッチしたカクテル。香りの複雑さのおかげで度数の割に飲みやすく、非常に上品な印象を受ける。名前の通りバーテンダーの腕を試されると言われるカクテルの一つ。,ジン,ステア,中辛口,ショート,食前,カクテルグラス,赤,27%,"['スタンダード', 'エレガント']",https://dm58o2i5oqos8.cloudfront.net/photos/200.jpg
200,https://cocktail-f.com/cocktails/201,セブンス・ヘヴンNo.1,デュボネとマラスキーノの香りが豊かでジンの辛味で〆る上品かつ大人向けカクテル。ユダヤ・キリスト・イスラム教における天国の最高階位であり、死後そこにたどり着くと神に会えるとされる。ヨーロッパとアメリカでレシピが異なり、このNo1はヨーロッパ系。,ジン,ステア,中辛口,ショート,オール,カクテルグラス,茶色,30%,['エレガント'],https://dm58o2i5oqos8.cloudfront.net/photos/201.jpg
201,https://cocktail-f.com/cocktails/202,フローズン・ダイキリ,ダイキリをブレンダーを使ってフローズンスタイルにしたカクテル。発祥の地キューバでかつての文豪ヘミングウェイがこよなく愛したとされる。ラムにライムのさわやかな香りがマッチしており、夏場に楽しむには最適な一杯。,ラム,ブレンド,中口,ショート,オール,シャンパングラス,白,6%,"['さっぱり', '爽やか']",https://dm58o2i5oqos8.cloudfront.net/photos/202.jpg
202,https://cocktail-f.com/cocktails/203,フローズン・B-52,ブレンダーを使ってフローズンスタイルにしたB-52。もとのB-52はアルコール材料だけで出来てるため度数も高めだが、こちらは氷が加わることで度数も下がり、冷たいためデザート感覚で楽しめるカクテルになっている。,リキュール,ブレンド,甘口,ショート,オール,シャンパングラス,茶色,6%,"['さっぱり', '飲みやすい']",https://dm58o2i5oqos8.cloudfront.net/photos/203.jpg
203,https://cocktail-f.com/cocktails/204,アイリッシュ・コーヒー,ウイスキーとコーヒーが見事に調和した、ほんのり甘くほっと一息つけさせてくれる優しいカクテル。癖が少なくなめらかなアイリッシュウイスキーを使うことで、コーヒーとの一体感が生まれている。度数もそこまで高くないので、寝付けない夜の一杯におすすめ。,ウイスキー,ビルド,中甘口,ロング,オール,ホットグラス,黒,5%,"['まろやか', 'ホット']",https://dm58o2i5oqos8.cloudfront.net/photos/204.jpg
204,https://cocktail-f.com/cocktails/205,エル・プレジデンテ,ベルモットの深い香りにオレンジ・キュラソーのかすかな甘みが加わった辛口のドライな一杯。カクテル名はスペイン語で大統領や社長などの非常に偉い人を表す。グレナデン・シロップが少量入ることで絶妙な美しい色合いとなり、名前にふさわしいラグジュアリーな仕上がり。,ラム,ステア,中辛口,ショート,オール,カクテルグラス,オレンジ,34%,"['キレがある', '美しい']",https://dm58o2i5oqos8.cloudfront.net/photos/205.jpg
205,https://cocktail-f.com/cocktails/206,ミント・ジュレップ,毎年５月に開催されるアメリカ競馬のケンタッキー・ダービーのオフィシャルドリンク。ミントの香りがさわやかで、シロップの甘味が加わっているため度数の割に非常に飲みやすい。本やウェブサイトによって様々なレシピが存在するので、お気に入りの配分を見つけよう。,ウイスキー,ビルド,中口,ロング,オール,コリンズグラス,黄金色,30%,"['爽やか', '歴史ある']",https://dm58o2i5oqos8.cloudfront.net/photos/206.jpg
206,https://cocktail-f.com/cocktails/207,スロー・ジン・フィズ,スロージンのベリーとレモンのダブルの酸味がバランス良く合わさった飲みやすくさっぱりしたカクテル。度数も低く、炭酸による爽快感も加わり、暑い日にはゴクゴクと飲めてしまう。スロー・ジンの良さを広く伝えるには最適の一杯。,リキュール,シェイク,中甘口,ロング,オール,タンブラー,赤,6%,"['さっぱり', '酸っぱい', '飲みやすい']",https://dm58o2i5oqos8.cloudfront.net/photos/207.jpg
207,https://cocktail-f.com/cocktails/208,ホット・ウイスキー・トゥデイ,ウイスキーをホットでいただく、寒い夜に最適の一杯。レモンの酸味にウイスキーとスパイスの香りがホットにする事でとても芳醇に感じられる。スパイスはグローブ、ナツメグ、シナモン等お好みで入れてOKで、自分好みの一杯に仕上げよう。なお、トゥデイ（Toddy）はお酒に砂糖を加えお湯・水を注いだカクテルのスタイルのことを指す。,ウイスキー,ビルド,中口,ロング,オール,ホットグラス,黄金色,8%,"['スタンダード', 'ホット']",https://dm58o2i5oqos8.cloudfront.net/photos/208.jpg
208,https://cocktail-f.com/cocktails/209,ビューティー・スポット,「つけぼくろ」という意味で、グラスの底に少しだけ沈んだグレナデン・シロップがそれを表している。2種類のベルモットを使った香り豊かなカクテルで少量のオレンジジュースが甘みのアクセントになっている。最後の一口がシロップと混ざり合い甘口になるところも面白い。,ジン,シェイク,中口,ショート,オール,カクテルグラス,オレンジ,29%,"['美しい', '女性におすすめ']",https://dm58o2i5oqos8.cloudfront.net/photos/209.jpg
209,https://cocktail-f.com/cocktails/210,アペタイザー,デュボネとオレンジが効いた非常にフルーティーな食前という意味合いのカクテル。ジンの辛味も効いているため名前の通り食前酒としてもいいが、食事中や食後でも全く問題がない味わいに仕上がっている。,ジン,シェイク,中口,ショート,食前,カクテルグラス,オレンジ,25%,['さっぱり'],https://dm58o2i5oqos8.cloudfront.net/photos/210.jpg
210,https://cocktail-f.com/cocktails/211,コスモポリタン,クランベリーによるやさしいピンク色が美しく、オレンジとライムの香りが豊かなフルーティーな味わい。度数は低くないが、色合いとクセのない味わいから特に女性に人気がある。かつて人気を博したアメリカドラマのSEXANDTHECITYで度々登場していることでも有名。,ウォッカ,シェイク,中口,ショート,オール,カクテルグラス,ピンク,27%,"['女性におすすめ', '美しい']",https://dm58o2i5oqos8.cloudfront.net/photos/211.jpg
211,https://cocktail-f.com/cocktails/212,カシス・ソーダ,カシスリキュールをソーダで割ったシンプルなカクテル。カシスの濃厚な甘さをソーダでさっぱりと飲むことができ、度数も高くないため、居酒屋などでビールやハイボールに飽きてしまった時に最適。,リキュール,ビルド,甘口,ロング,オール,コリンズグラス,赤,5%,"['スタンダード', 'シンプル', '飲みやすい']",https://dm58o2i5oqos8.cloudfront.net/photos/212.jpg
212,https://cocktail-f.com/cocktails/213,カイピリーニャ,ライムの酸味と砂糖の甘味がガツンとくる、夏にぴったりのさっぱりしたカクテル。ポルトガル語で田舎の娘という意味をもっており、素朴ながらもしっかりとした味わい。また、ライムを贅沢に使用しているため非常にジューシー。,ラム,ビルド,中甘口,ロング,オール,オールドファッションドグラス,透明,30%,"['酸っぱい', 'トロピカル']",https://dm58o2i5oqos8.cloudfront.net/photos/213.jpg
213,https://cocktail-f.com/cocktails/214,マリブサーフ,ココナッツの甘みにトニックの苦味が少しだけ効いた、さっぱりとした夏向けのカクテル。色鮮やかなブルーは名前の通りサーフィンをする海を連想させ、味だけでなく見た目でも涼しい気持ちになれる。,リキュール,ビルド,甘口,ロング,オール,コリンズグラス,青,7%,"['さっぱり', '飲みやすい', '美しい']",https://dm58o2i5oqos8.cloudfront.net/photos/214.jpg
214,https://cocktail-f.com/cocktails/215,ストロベリー・ソーダ,ストロベリーリキュールをシンプルにソーダで割ったカクテル。いちごジャムのような濃厚な甘みをさっぱりといただくことができる。定番のカシスソーダに比べて、カシス特有の苦味もなく、純粋な甘さでとても飲みやすい。,リキュール,ビルド,甘口,ロング,オール,コリンズグラス,赤,7%,"['シンプル', 'さっぱり', '飲みやすい']",https://dm58o2i5oqos8.cloudfront.net/photos/215.jpg
215,https://cocktail-f.com/cocktails/216,シュガーラッシュ,ゲーム「VA-11Hall-A」に登場する架空のカクテル。主人公のジルが物語本編の最初に作成するチュートリアルとしてのシンプルな一杯。まずはここから、VA-11Hall-Aの扉が開く。,なし,ビルド,甘口,ロング,オール,コリンズグラス,赤,10%,['VA-11Hall-A'],https://dm58o2i5oqos8.cloudfront.net/photos/216.jpg
216,https://cocktail-f.com/cocktails/217,ふもふもドリーム,ゲーム「VA-11Hall-A」に登場する架空のカクテル。ゲーム中、未成年のノーマが注文するがアルコールを入れるかどうかはプレイヤー次第。,なし,ビルド,中口,ロング,オール,ピルスナーグラス,緑,6%,['VA-11Hall-A'],https://dm58o2i5oqos8.cloudfront.net/photos/217.jpg
217,https://cocktail-f.com/cocktails/218,ブルーフェアリー,ゲーム「VA-11Hall-A」に登場する架空のカクテル。登場人物の一人、リリム（アンドロイド）のドロシーが好んで飲む一杯。,なし,ビルド,甘口,ロング,オール,コリンズグラス,青,7%,['VA-11Hall-A'],https://dm58o2i5oqos8.cloudfront.net/photos/218.jpg
218,https://cocktail-f.com/cocktails/219,ブランディーニ,ゲーム「VA-11Hall-A」に登場する架空のカクテル。主人公の友人でセキュリティコンサルタント（ハッカー）のアルマが好んで飲む一杯。,なし,ステア,甘口,ショート,オール,カクテルグラス,茶色,4%,['VA-11Hall-A'],https://dm58o2i5oqos8.cloudfront.net/photos/219.jpg
219,https://cocktail-f.com/cocktails/220,コバルトヴェルヴェット,ゲーム「VA-11Hall-A」に登場する架空のカクテル。独特の形状のグラスに入っているのがおもしろい。,なし,ビルド,中口,ロング,オール,カクテルグラス,青,20%,['VA-11Hall-A'],https://dm58o2i5oqos8.cloudfront.net/photos/220.jpg
220,https://cocktail-f.com/cocktails/221,テキサス・フィズ,オレンジの香りが広がるフィズスタイルのカクテル。ジンの香りをオレンジが柔らかく包んでおり炭酸も相まって非常に飲みやすい仕上がり。マラスキーノチェリーを飾ることで飲む時にふわりと甘い香りを感じられるところも面白い。,ジン,シェイク,中口,ロング,オール,タンブラー,黄,16%,"['さっぱり', '飲みやすい']",https://dm58o2i5oqos8.cloudfront.net/photos/221.jpg
221,https://cocktail-f.com/cocktails/222,ストロベリー・フィールド,いちごの甘みにレモンとオレンジの香りと酸味が加わることで味が引き締まり、甘すぎずバランスの良いカクテル。ストロベリーリキュールの赤みもとても美しく、見た目、味わいともにいちご畑が一面に広がる。,リキュール,シェイク,中甘口,ショート,オール,カクテルグラス,赤,22%,"['美しい', '女性におすすめ']",https://dm58o2i5oqos8.cloudfront.net/photos/222.jpg
222,https://cocktail-f.com/cocktails/223,クランベリー・クーラー,アマレットの香りにクランベリーとオレンジの甘みが広がる、飲みやすい甘口のカクテル。他にも各分量を少し減らして炭酸で割るレシピもあるが、こちらはアマレットとジュースだけの濃厚な味わい。度数も高くなく、見た目に鮮やかなため女性にも人気がある。,リキュール,ビルド,甘口,ロング,オール,コリンズグラス,赤,7%,"['飲みやすい', '女性におすすめ']",https://dm58o2i5oqos8.cloudfront.net/photos/223.jpg
223,https://cocktail-f.com/cocktails/224,ビアモーニ,グレープフルーツの香りが鼻をくすぐる、カンパリの苦味を抑えた飲みやすいビアカクテル。スプモーニという有名なカクテルのトニックの代わりにビールを使用したレシピ。カンパリとビールという苦いお酒が2つ入っているが、グレープフルーツの酸味がうまく中和してとても飲みやすい。,ビール,ビルド,中甘口,ロング,オール,ピルスナーグラス,赤,7%,"['さっぱり', '美しい']",https://dm58o2i5oqos8.cloudfront.net/photos/224.jpg
224,https://cocktail-f.com/cocktails/225,バーバラ,ウォッカによるアルコールの苦味がさながらビターチョコレートのようなしっかりとした味わい。カカオリキュールを使ったカクテルの中でも度数が高く、大人向けのチョコレートドリンクとも言える。,ウォッカ,シェイク,甘口,ショート,食後,カクテルグラス,茶色,26%,"['まろやか', '濃厚']",https://dm58o2i5oqos8.cloudfront.net/photos/225.jpg
225,https://cocktail-f.com/cocktails/226,ザザ,ジンのガツンとした辛味のなかにデュボネの甘く芳醇な香りが漂い、オレンジ・ビターズの香りが鼻を通り抜ける食前向けのカクテル。すべてアルコール材料で度数も高いため大人向けだが、しっかりとした味わいと香りで胃を刺激してくれる。,ジン,ステア,中辛口,ショート,食前,カクテルグラス,ピンク,39%,"['キレがある', '強い']",https://dm58o2i5oqos8.cloudfront.net/photos/226.jpg
226,https://cocktail-f.com/cocktails/227,マドラス,柔らかいオレンジ色が特徴的でフルーティなカクテル。クランベリーとオレンジがまろやかに調和し、ウォッカの苦味がきゅっと締める、辛すぎず甘すぎないバランスの取れた仕上がり。あえて最後にステアしないとグラスの中に材料の層が美しく出る。,ウォッカ,ビルド,中甘口,ロング,オール,コリンズグラス,オレンジ,10%,['さっぱり'],https://dm58o2i5oqos8.cloudfront.net/photos/227.jpg
227,https://cocktail-f.com/cocktails/228,アプリコット,アプリコットの甘みにオレンジとレモンの酸味が心地よく、非常にジューシーな仕上がりのアプリコットブランデーを使った代表的なカクテルの一つ。度数は低くないが非常に飲みやすく、カクテルの初心者にもおすすめできる一杯。,リキュール,シェイク,中甘口,ショート,オール,カクテルグラス,黄,20%,['さっぱり'],https://dm58o2i5oqos8.cloudfront.net/photos/228.jpg
228,https://cocktail-f.com/cocktails/229,アイデアル,爽やかなグレープフルーツとマラスキーノの独特な香りがマッチしたカクテル。マティーニのアレンジカクテルと言われているが、こちらは度数も低くかつグレープフルーツが効いているため飲みやすい。マティーニでは辛すぎるけど甘いお酒は飲みたくない時におすすめ。,ジン,シェイク,中口,ショート,オール,カクテルグラス,白,22%,"['爽やか', '女性におすすめ']",https://dm58o2i5oqos8.cloudfront.net/photos/229.jpg
229,https://cocktail-f.com/cocktails/230,パール・ハーバー,太平洋戦争の発端となった真珠湾の名を冠した、メロンとパイナップルの豊かな香りと甘みにウォッカの力強さも併せ持ったカクテル。暗い戦争を背景にしたエメラルドグリーンの美しさはそこに儚さをも感じられる。,リキュール,シェイク,中甘口,ショート,オール,カクテルグラス,緑,20%,['美しい'],https://dm58o2i5oqos8.cloudfront.net/photos/230.jpg
230,https://cocktail-f.com/cocktails/231,ブランデー・サワー,レモンの酸味がさわやかでブランデーの香りが豊かなサワータイプのカクテル。このサワーとは酸っぱいという意味で、レシピに炭酸は入っていないが、最後に炭酸で割っても美味しくいただける。,ブランデー,シェイク,中口,ショート,オール,サワーグラス,オレンジ,23%,"['さっぱり', '酸っぱい']",https://dm58o2i5oqos8.cloudfront.net/photos/231.jpg
231,https://cocktail-f.com/cocktails/232,スパイダー・キッス,ブランデーの豊かな香りにコーヒー・リキュールの甘み、そして生クリームのまろやかさが加わったデザートカクテル。しっかりとしたアルコールを感じつつも甘く飲みやすい。気づいたときには少し危ない魅力に引っかかってしまっているかもしれない。,ブランデー,シェイク,甘口,ショート,食後,カクテルグラス,茶色,20%,"['まろやか', '濃厚', '女性におすすめ']",https://dm58o2i5oqos8.cloudfront.net/photos/232.jpg
232,https://cocktail-f.com/cocktails/233,ニンジャ・タートル,1990年に公開された映画「ミュータント・タートルズ」に触発されて作られたと言われるカクテル。とりわけケミカルな緑色が目を引き、正にタートルズのあの色合いを表している。ブルーキュラソーとオレンジジュースが混ざりあった時の緑に変化する様が面白い。,ジン,ビルド,中口,ロング,オール,タンブラー,緑,15%,"['美しい', '映画']",https://dm58o2i5oqos8.cloudfront.net/photos/233.jpg
233,https://cocktail-f.com/cocktails/234,ソルクバーノ,グレープフルーツとトニックがさわやかな苦味と酸味となったトロピカルな味わい。海外生まれに見えて実はサヴォイ北野坂というバーの木村義久氏が考案した日本生まれのカクテル。輪切りにしたグレープフルーツがまるで太陽のように見える、気持ちを明るくしてくれる素敵な一杯。,ラム,ビルド,中甘口,ロング,オール,ピルスナーグラス,白,10%,"['さっぱり', 'トロピカル']",https://dm58o2i5oqos8.cloudfront.net/photos/234.jpg
234,https://cocktail-f.com/cocktails/235,ホット・イタリアン,オレンジジュースを温めるというあまり馴染みのない飲み方ではあるが、オレンジの酸味とアマレットの甘味が引き立ち、香りも非常に豊かになっている。度数も低めで飲みやすく、冬の夜にこれでほっと一息ついてみるのもいかがだろうか。,リキュール,ビルド,甘口,ロング,オール,ホットグラス,オレンジ,6%,['ホット'],https://dm58o2i5oqos8.cloudfront.net/photos/235.jpg
235,https://cocktail-f.com/cocktails/236,オペラ・マティーニ,ジンの辛味をデュボネの甘みとマラスキーノの香りで柔らかく仕上げた上品な味わいのマティーニ。デュボネによる赤みとレモンピールの色合いも美しい。色、味、香りあらゆる面から楽しむことができるカクテル。,ジン,シェイク,中口,ショート,食前,カクテルグラス,赤,32%,"['美しい', 'エレガント']",https://dm58o2i5oqos8.cloudfront.net/photos/236.jpg
236,https://cocktail-f.com/cocktails/237,カンパリ・カクテル,ジンとカンパリだけをステアしたシンプルなカクテル。一切のごまかしのないジンのキレとカンパリの苦味がダイレクトに伝わってくる上級者向けの味わいだが、素材が互いに高め合った見事な調和の一杯。,ジン,ステア,中口,ショート,食前,カクテルグラス,赤,36%,"['シンプル', 'キレがある', '美しい']",https://dm58o2i5oqos8.cloudfront.net/photos/237.jpg
237,https://cocktail-f.com/cocktails/238,ウォッカ・トニック,有名なジン・トニックのウォッカバージョン。クセのないウォッカを使うことでよりクリアでさっぱりした味わいとなり、料理にも合わせやすい。日本のバーで最もメジャーなカクテルはジントニックと言われるが、あえてこちらを注文して他の人と違いを出してみてはどうだろうか。,ウォッカ,ビルド,中口,ロング,オール,タンブラー,透明,16%,"['スタンダード', 'さっぱり', '料理に合う']",https://dm58o2i5oqos8.cloudfront.net/photos/238.jpg
238,https://cocktail-f.com/cocktails/239,ウイスキー・ミルク・パンチ,ウイスキーと牛乳がまろやかで砂糖も入ることで飲みやすくなった、古くからアイルランドやアメリカで親しまれたカクテル。ナツメグやシナモンなどの香辛料を足して香りを楽しむこともできる他、温かい牛乳を使うことでホットカクテルとしても楽しめる幅が広い一杯。,ウイスキー,シェイク,中甘口,ロング,オール,ピルスナーグラス,白,10%,"['まろやか', '歴史ある']",https://dm58o2i5oqos8.cloudfront.net/photos/239.jpg
239,https://cocktail-f.com/cocktails/240,ミント・フラッペ,クラッシュドアイスにミントリキュールを注いだだけのシンプルなレシピで、ミントの爽快感抜群で見た目にも涼しい夏向けカクテル。ミントリキュールの味がすべてであり、ミント好きにはこれ以上ない一杯。,リキュール,ビルド,甘口,ロング,食後,シャンパングラス,緑,21%,"['シンプル', '爽やか', '美しい']",https://dm58o2i5oqos8.cloudfront.net/photos/240.jpg
240,https://cocktail-f.com/cocktails/241,ジン・デイジー,レモンの酸味とグレナデン・シロップの甘みがバランス良く、クラッシュドアイスで清涼感あふれる仕上がりで、度数の高さの割にアルコールを感じにくい一杯。デイジーとはヒナギクのことで、その可愛らしいピンク色がこのカクテルにも現れている。,ジン,シェイク,中口,ロング,オール,ゴブレット,ピンク,28%,"['さっぱり', '酸っぱい', '美しい']",https://dm58o2i5oqos8.cloudfront.net/photos/241.jpg
241,https://cocktail-f.com/cocktails/242,ハワイアン,オレンジの豊かな香りのなかにジンのキリッとした味があわさったカクテル。名前の通りオレンジのフルーティさがトロピカルな雰囲気を出している。よりトロピカルさを感じたい場合は、オレンジジュースの代わりにパイナップルジュースを使っても良い。,ジン,シェイク,中口,ショート,オール,カクテルグラス,黄,32%,['トロピカル'],https://dm58o2i5oqos8.cloudfront.net/photos/242.jpg
242,https://cocktail-f.com/cocktails/243,ブラウン・ベルベット,チョコレートの甘味とオレンジの香りを生クリームのまろやかさがきれいにまとめた甘口カクテル。ショートカクテルの中では比較的度数も抑えめなため飲みやすく、名前通り優雅でなめらかなベルベットの口当たりを楽しめる。,リキュール,シェイク,甘口,ショート,食後,カクテルグラス,茶色,14%,"['まろやか', '女性におすすめ']",https://dm58o2i5oqos8.cloudfront.net/photos/243.jpg
243,https://cocktail-f.com/cocktails/244,キール・ロイヤル,スパークリング・ワインにカシスの甘みと色合いが加わった食前酒としてぴったりのカクテル。ワイン特有の匂いをカシスが和らげており飲みやすい。カシスの分量は好みでOKで、少ないほど辛口の仕上がりとなる。,ワイン,ビルド,中口,ロング,食前,シャンパングラス,赤,13%,"['シンプル', '爽やか']",https://dm58o2i5oqos8.cloudfront.net/photos/244.jpg
244,https://cocktail-f.com/cocktails/245,ミモザ,オレンジジュースとスパークリング・ワインのシンプルなカクテル。ワインのクセがオレンジジュースで中和されており、非常に飲みやすい。元々フランスの上流階級で飲まれており「シャンパーニュ・ア・ロランジュ」と呼ばれていたが、現在はフランスでミモザの名で親しまれる黄色の花のカクテル名となった。,ワイン,ビルド,中口,ロング,オール,シャンパングラス,黄,6%,"['シンプル', 'さっぱり', '飲みやすい']",https://dm58o2i5oqos8.cloudfront.net/photos/245.jpg
245,https://cocktail-f.com/cocktails/246,シャンパン・カクテル,アンゴスチュラ・ビターズの奥行ある苦味・香りがシャンパンに深みを与えたカクテルで、少しずつ角砂糖が溶けることで甘くなっていく所が特徴的。そして何よりも映画「カサブランカ」で非常に有名なセリフ「君の瞳に乾杯」の時に飲まれたものとして有名。,ワイン,ビルド,中口,ロング,オール,シャンパングラス,黄金色,12%,"['さっぱり', '歴史ある', '映画']",https://dm58o2i5oqos8.cloudfront.net/photos/246.jpg
246,https://cocktail-f.com/cocktails/247,ベリーニ,ピーチネクターの甘酸っぱさにスパークリングワインの弾ける泡が心地よい。アルコール感も程よく、またピンクがかった乳白色の優しい色合いは女性にもおすすめ。1948年にイタリアで開かれた画家ベリーニの展示会を記念して作られたとされる。,ワイン,ビルド,中甘口,ロング,オール,シャンパングラス,ピンク,8%,"['さっぱり', '飲みやすい', '女性におすすめ']",https://dm58o2i5oqos8.cloudfront.net/photos/247.jpg
247,https://cocktail-f.com/cocktails/248,クラシック,ブランデーとマラスキーノによる芳醇な香りと、オレンジとレモンそして縁取られた砂糖による甘みと酸味が絶妙な仕上がり。比較的軽めの味わいながらもどこか落ち着いた大人の社交場のような雰囲気を持っている。,ブランデー,シェイク,中口,ショート,オール,カクテルグラス,オレンジ,24%,['さっぱり'],https://dm58o2i5oqos8.cloudfront.net/photos/248.jpg
248,https://cocktail-f.com/cocktails/249,ミッドナイト・サン,メロンの独特な甘みとオレンジ、レモンの酸味が効いたフルーティなカクテル。真夜中の太陽という意味で、底に沈むグレナデン・シロップが白夜の常に沈まぬ太陽を表している。ウォッカは白夜が起こるフィンランド産のものを使うのが一般的とされており、カクテル名との統一が図れ美しい。,ウォッカ,シェイク,中甘口,ロング,オール,コリンズグラス,緑,13%,"['さっぱり', '美しい']",https://dm58o2i5oqos8.cloudfront.net/photos/249.jpg
249,https://cocktail-f.com/cocktails/250,インスピレーション,日本酒と桜リキュールという日本を代表する素材を、パイナップルジュースがしっかりとまとめ上げたカクテル。色合いも桜のピンクとシェイクした泡の白があわさり、紅白を彷彿とさせ非常に美しい。おめでたい席でこのカクテルを頂くのもまた一興ではないか。,日本酒,シェイク,中甘口,ショート,オール,カクテルグラス,ピンク,14%,"['さっぱり', '美しい']",https://dm58o2i5oqos8.cloudfront.net/photos/250.jpg
250,https://cocktail-f.com/cocktails/251,キク・フィズ,日本酒の持つ麹特有の鋭さが生クリームで非常に飲みやすく仕上げられた、ほんのり甘いカクテル。日本酒と生クリームという珍しい組み合わせながら、その相性の良さに驚くことができる。普段は日本酒を飲まない人でも気軽に飲める一杯。,日本酒,ステア,中甘口,ロング,オール,タンブラー,白,11%,['まろやか'],https://dm58o2i5oqos8.cloudfront.net/photos/251.jpg
251,https://cocktail-f.com/cocktails/252,撫子,酸味と甘味が効いた日本酒ベースのカクテル。卵白が入ることで口当たりなめらかな上、卵特有の生臭さも他の材料によってうまくカバーされ飲みやすい。大和撫子の名前の通り、全体的に柔らかく穏やかで上品な印象を与えてくれる一杯は晴れの場にも相応しい。,日本酒,シェイク,中甘口,ショート,オール,カクテルグラス,ピンク,8%,"['まろやか', '飲みやすい', '美しい', 'エレガント', '女性におすすめ']",https://dm58o2i5oqos8.cloudfront.net/photos/252.jpg
252,https://cocktail-f.com/cocktails/253,ワン・モア・フォー・ザ・ロード,ブランデーの豊かな香りのあとにコーヒーの苦味を感じつつ、全体としては卵白の口当たりがやさしい甘さ控えめのデザートカクテル。最後の１杯として口の中をリセットしたい時に最適。1979年にH.B.Aカクテルコンペティションで準優勝した今村博明氏による作品。,ブランデー,シェイク,中甘口,ショート,食後,カクテルグラス,茶色,19%,['まろやか'],https://dm58o2i5oqos8.cloudfront.net/photos/253.jpg
253,https://cocktail-f.com/cocktails/254,カウボーイ,バーボンの力強い味に牛乳の優しさそして砂糖による少しの甘みを持った、シンプルだが親しみやすい味わいのカクテル。バーボンの尖った部分を牛乳がまろやかにしているため飲みやすい。このレシピの他にも生クリームを使ってシェイクするものなどもあるので、好みのカウボーイを目指してみよう。,ウイスキー,ビルド,中甘口,ロング,オール,タンブラー,白,12%,['まろやか'],https://dm58o2i5oqos8.cloudfront.net/photos/254.jpg
254,https://cocktail-f.com/cocktails/255,タンゴ,ベルモットのふくよかな香りにオレンジの要素が足されたことでフルーティさも併せ持つカクテル。ハリー・マッケルホーン氏がパリにあるハリーズ・ニューヨーク・バーで生み出したとされる。名前の通り落ち着きのある上品な味わいの中に情熱的な力強さを持ち、大人の社交の場にふさわしい一杯。,ジン,シェイク,中口,ショート,オール,カクテルグラス,オレンジ,28%,['エレガント'],https://dm58o2i5oqos8.cloudfront.net/photos/255.jpg
255,https://cocktail-f.com/cocktails/256,クイーン・エリザベス,ブランデーの香りにスイート・ベルモットの甘さが効いた度数の割に甘口の味わいで、かすかなオレンジキュラソーの香りがアクセント。イギリスの豪華客船の名前が由来とされており、名前に負けない非常に優雅な印象を与えるカクテル。,ブランデー,ステア,中口,ショート,食後,カクテルグラス,茶色,28%,['エレガント'],https://dm58o2i5oqos8.cloudfront.net/photos/256.jpg
256,https://cocktail-f.com/cocktails/257,アマレット・ミルク,杏仁（あんずの種）を使ったリキュールであるアマレットをシンプルに牛乳で割った一杯。甘みの強いアマレットと牛乳の組み合わせは手軽に上品なデザートカクテルとなる。,リキュール,ビルド,甘口,ロング,食後,オールドファッションドグラス,茶色,7%,"['シンプル', 'まろやか']",https://dm58o2i5oqos8.cloudfront.net/photos/257.jpg
257,https://cocktail-f.com/cocktails/258,ピカドール,まず最初にレモンピールの香りが鼻をくすぐり、次にコーヒーリキュールの香ばしさと甘み、最後にテキーラ特有の香りが口の中に広がるやや甘口のカクテル。テキーラの癖をコーヒーリキュールがかなり抑えているため、度数は高いがやわらかく飲みやすい仕上がり。,テキーラ,ステア,中甘口,ショート,食後,カクテルグラス,茶色,30%,['まろやか'],https://dm58o2i5oqos8.cloudfront.net/photos/258.jpg
258,https://cocktail-f.com/cocktails/259,清流,さわやかな青色が日本の美しい川を思い起こさせる、日本酒のかすかな香りにレモンとライムの酸味が存分に効いたカクテル。色合い、味わいともに暑さを乗り切るのにぴったりなので、夏の暑い日に楽しんでみたい一杯。,日本酒,シェイク,中甘口,ロング,オール,ワイングラス,青,12%,"['さっぱり', '酸っぱい', '美しい']",https://dm58o2i5oqos8.cloudfront.net/photos/259.jpg
259,https://cocktail-f.com/cocktails/260,クローバー・クラブ,グレナデン・シロップの甘さが前面に出た優しい口当たりのカクテル。ジンの癖を卵白が包み込んでいるためアルコール感も度数の割に感じづらい。かつてアメリカ、フィラデルフィアにあったクラブの名前が由来とされ、甘口な味わいながら食前酒として楽しまれていたという。,ジン,シェイク,甘口,ショート,オール,カクテルグラス,ピンク,19%,"['まろやか', '美しい', '男らしい', '歴史ある']",https://dm58o2i5oqos8.cloudfront.net/photos/260.jpg
260,https://cocktail-f.com/cocktails/261,ヴェスパー,別名ボンドマティーニとも呼ばれ、映画007カジノロワイヤルでジェームズ・ボンドがカジノでの勝負の際に頼んだ一品。ジンとウォッカの強い味わいながらもリレ・ブランの甘み、レモンピールの香りが豊かで上品にまとまっている。ボンドの恋人の名であり、ボンド曰く一度この味を知ったら他のものが飲めなくなるという。,ジン,シェイク,辛口,ショート,食前,カクテルグラス,透明,43%,"['キレがある', '強い', '男らしい', '映画']",https://dm58o2i5oqos8.cloudfront.net/photos/261.jpg
261,https://cocktail-f.com/cocktails/262,ジャック・ローズ,りんごからできたブランデーである、カルバドスを使ったカクテル。ライムとグレナデン・シロップで甘酸っぱくさっぱりとした味わいで、最後はカルバドスの微かなりんごの香りが残る。レシピが様々で、ライムの代わりにレモンを使う場合や、各材料の分量はバーテンダーによって異なる。,ブランデー,シェイク,中甘口,ショート,オール,カクテルグラス,赤,20%,"['スタンダード', 'さっぱり', '美しい', '女性におすすめ']",https://dm58o2i5oqos8.cloudfront.net/photos/262.jpg
262,https://cocktail-f.com/cocktails/263,コープス・リバイバー,死者を蘇らせるという意味を持つカクテルで、本レシピはいくつか種類がある中でブランデーベースのもの。ブランデーとスイートベルモットによる香り高く深い甘みが特徴で、アルコール度数は高くとろみをも感じられる。リバイバーには迎え酒としての意味もあるが、材料の通り追い打ちをかけることになる。,ブランデー,ステア,中口,ショート,オール,カクテルグラス,茶色,35%,"['酔い醒まし', '歴史ある']",https://dm58o2i5oqos8.cloudfront.net/photos/263.jpg
263,https://cocktail-f.com/cocktails/264,ゾンビ,ホワイト、ゴールド、ダークの3種類のラムが入った、香り高く非常にジューシーでおまけに度数も高い魅惑のカクテル。死者も再び立ち上がるほど強いお酒という意味でゾンビという名前がついたとされるが、逆にこれを飲むと翌日ゾンビになりかねないので注意。B級ゾンビ映画を観ながらぜひ飲んでみよう！,ラム,シェイク,中甘口,ロング,オール,コリンズグラス,オレンジ,24%,"['強い', '飲みやすい']",https://dm58o2i5oqos8.cloudfront.net/photos/InPreparation.png
264,https://cocktail-f.com/cocktails/265,薩摩小町,ホワイト・キュラソーとレモンの甘みと酸味の中に、芋焼酎の味と香りがしっかりと生きている。芋焼酎の力強さは他の材料に負けないということがとても良くわかる味わいで、普段とは違った焼酎の楽しみ方をしたい場合におすすめ。,焼酎,シェイク,中口,ショート,オール,カクテルグラス,白,23%,['酸っぱい'],https://dm58o2i5oqos8.cloudfront.net/photos/InPreparation.png
265,https://cocktail-f.com/cocktails/266,ジャッキー・ウェルズ,ゲーム「CyberPunk2077」で登場するカクテル。派手な死を迎えた常連の名前をカクテルにつけるのが伝統のアフターライフで、主人公の相棒、ジャッキー・ウェルズがバーテンダーに教えたレシピ。大きな夢を抱き、タフな道を歩んできたジャッキーらしい辛めの口当たり。,ウォッカ,ビルド,中辛口,ロング,オール,オールドファッションドグラス,白,20%,"['CyberPunk2077', 'さっぱり']",https://dm58o2i5oqos8.cloudfront.net/photos/266.jpg
266,https://cocktail-f.com/cocktails/267,ジョニー・シルヴァーハンド,ゲーム「CyberPunk2077」で登場するカクテル。ロックバンドのリーダーでテロリストでもあるジョニー・シルヴァーハンドの名前が死後もカクテルの名としてアフターライフで語り継がれている。シロップの甘味、ペッパーの辛味さらにビールの爽やかさが混在しながらも飲みやすい。,テキーラ,ビルド,中甘口,ロング,オール,オールドファッションドグラス,黄金色,25%,"['CyberPunk2077', 'まろやか']",https://dm58o2i5oqos8.cloudfront.net/photos/267.jpg
267,https://cocktail-f.com/cocktails/268,テキーラオールドファッションド,甘みの強いアガベシロップでテキーラをマイルドに仕立てたカクテル。ビターズが入ることで味に深みが加わるほか、ほのかなオレンジピールの香りで飲みやすく仕上がっているが、度数は非常に高いため注意して飲もう。,テキーラ,ステア,中甘口,ロング,オール,オールドファッションドグラス,黄金色,40%,"['まろやか', '強い']",https://dm58o2i5oqos8.cloudfront.net/photos/268.jpg
268,https://cocktail-f.com/cocktails/269,ホット・バタード・ラム,バターのコクと砂糖の甘みそしてラムの香りでホッと落ち着くことができる定番のホットカクテル。気持ちを落ち着かせるのに最適な味わいで、冬の夜長や眠る前の一杯におすすめ。牛乳を使ったホット・バタード・ラム・「カウ」というカクテルもある。,ラム,ビルド,甘口,ロング,食後,ホットグラス,黄金色,15%,"['スタンダード', 'まろやか', 'ホット']",https://dm58o2i5oqos8.cloudfront.net/photos/269.jpg
